Id,AircraftID,AircraftName,LiveryName
1d7dff42-46a5-4c47-a46c-bd39ab9cea8d,982dd974-5be7-4369-90c6-bd92863632ba,Airbus A318,Generic X
291d9656-eb0a-4608-a8dc-268ac031a448,982dd974-5be7-4369-90c6-bd92863632ba,Airbus A318,Infinite Flight - 2015 X
20bcdb6b-854f-44ee-addc-b30fb5acfe05,982dd974-5be7-4369-90c6-bd92863632ba,Airbus A318,ACJ Livery 1 X
3390fa9c-61f7-4c10-97c4-d0f25a526dfd,982dd974-5be7-4369-90c6-bd92863632ba,Airbus A318,ACJ Livery 2 X
b6481163-3cbf-4212-9616-0bf99b6ac3c3,982dd974-5be7-4369-90c6-bd92863632ba,Airbus A318,ACJ Livery 3 X
268bcb25-0236-45e7-bc24-f5dd596381a7,982dd974-5be7-4369-90c6-bd92863632ba,Airbus A318,ACJ Livery 4 X
299d18dd-b248-488f-b6af-c7ef8cd426fd,982dd974-5be7-4369-90c6-bd92863632ba,Airbus A318,Air France X
6cf01d32-3c56-4007-a084-7de26b7dbe52,982dd974-5be7-4369-90c6-bd92863632ba,Airbus A318,British Airways X
d848d1bb-21fc-438a-b718-92b20b7f3e74,982dd974-5be7-4369-90c6-bd92863632ba,Airbus A318,Avianca X
c35e008f-dc07-43d6-ac07-515ea9a39271,982dd974-5be7-4369-90c6-bd92863632ba,Airbus A318,Tarom X
2c7a2ad0-3374-4d7b-b89f-2e9768bb979d,982dd974-5be7-4369-90c6-bd92863632ba,Airbus A318,Mexicana X
1ca83faa-b6c0-4fc1-84d5-6b493b8dff45,982dd974-5be7-4369-90c6-bd92863632ba,Airbus A318,Frontier X
867677a9-5b49-4f29-96b9-ff297cc0b22d,982dd974-5be7-4369-90c6-bd92863632ba,Airbus A318,Airbus - Old X
586f115e-af53-4e14-87a4-01691a495828,982dd974-5be7-4369-90c6-bd92863632ba,Airbus A318,Airbus - New X
06cb64e7-eaa0-4137-8542-1c95ba116fe5,982dd974-5be7-4369-90c6-bd92863632ba,Airbus A318,Infinite Flight - 2018 X
2ad3f632-b9ca-4510-b12f-3047be8383ef,982dd974-5be7-4369-90c6-bd92863632ba,Airbus A318,ACJ Livery 5 X
91f88a09-33e4-40c8-98d7-aba1ddd53f5e,2c2f162e-a7d9-4ebd-baf4-859aed36165a,Airbus A319,Generic X
b670102a-ab45-4078-a300-ec76828322be,2c2f162e-a7d9-4ebd-baf4-859aed36165a,Airbus A319,Air Berlin X
eb2a5264-545f-474c-91a2-2e4b46665060,2c2f162e-a7d9-4ebd-baf4-859aed36165a,Airbus A319,Northwest Airlines X
06ea670c-e687-4602-9f8a-1fbd298c47f9,2c2f162e-a7d9-4ebd-baf4-859aed36165a,Airbus A319,Air Canada X
dfafc610-fbb5-45f3-8c50-c732bd59a9c9,2c2f162e-a7d9-4ebd-baf4-859aed36165a,Airbus A319,Air China X
e9b2f137-23ce-45f6-9d46-8d2328c2b347,2c2f162e-a7d9-4ebd-baf4-859aed36165a,Airbus A319,Air France X
08030201-6079-4380-80b4-1515e69de7c2,2c2f162e-a7d9-4ebd-baf4-859aed36165a,Airbus A319,British Airways X
ee772985-6f48-43cb-a7a6-fce78b58eabb,2c2f162e-a7d9-4ebd-baf4-859aed36165a,Airbus A319,Brussels Airlines X
a6c9ee9b-2ce6-493d-9490-18c77e6a8046,2c2f162e-a7d9-4ebd-baf4-859aed36165a,Airbus A319,Delta Air Lines X
61c64d54-c153-406a-9132-d91ce7c7eb2f,2c2f162e-a7d9-4ebd-baf4-859aed36165a,Airbus A319,EasyJet X
75b20706-c42f-4547-bf0e-cea29f872c3c,2c2f162e-a7d9-4ebd-baf4-859aed36165a,Airbus A319,LAN X
316f0a45-b77c-4ec7-a007-2b01e0c42a9b,2c2f162e-a7d9-4ebd-baf4-859aed36165a,Airbus A319,Qatar Airways X
ca63ebb5-875a-43fa-9c14-7c742fc17076,2c2f162e-a7d9-4ebd-baf4-859aed36165a,Airbus A319,TigerAir X
90da1e36-1102-4db7-b589-ee35ffa88820,2c2f162e-a7d9-4ebd-baf4-859aed36165a,Airbus A319,S7 X
ad8472e4-2881-4160-a188-e382eae4d771,2c2f162e-a7d9-4ebd-baf4-859aed36165a,Airbus A319,Tunisair X
234cc680-63a9-4430-a441-224bdd90aa20,2c2f162e-a7d9-4ebd-baf4-859aed36165a,Airbus A319,Volaris X
daa23150-ef25-427e-8d76-6e8fa008c873,2c2f162e-a7d9-4ebd-baf4-859aed36165a,Airbus A319,Cebu Pacific X
bc9e7135-37d4-43f1-a435-9fa8ff6a6874,2c2f162e-a7d9-4ebd-baf4-859aed36165a,Airbus A319,Air Canada Rouge
6d1982b3-36c6-406f-a5bc-2f6c5a581ba4,2c2f162e-a7d9-4ebd-baf4-859aed36165a,Airbus A319,Croatia Airlines
c9a745c6-4b54-4b48-9ed2-c960bc19e520,2c2f162e-a7d9-4ebd-baf4-859aed36165a,Airbus A319,Saudia
331b69b2-0951-48ee-8235-29bcbb6940de,2c2f162e-a7d9-4ebd-baf4-859aed36165a,Airbus A319,SilkAir
0ccffb5e-1c03-46ff-8757-df3835a2b67c,2c2f162e-a7d9-4ebd-baf4-859aed36165a,Airbus A319,Swiss
8a0a29ed-55b3-47eb-82c2-d1c30c5effe3,2c2f162e-a7d9-4ebd-baf4-859aed36165a,Airbus A319,TAM
c4957753-e41b-492f-9f99-0d64be573957,2c2f162e-a7d9-4ebd-baf4-859aed36165a,Airbus A319,Azerbaijan Airlines
9f43e353-f3f3-40a7-a0d4-e2f5302b596e,2c2f162e-a7d9-4ebd-baf4-859aed36165a,Airbus A319,Eurowings
743b07cf-ecbd-44de-b153-d782bfe16999,2c2f162e-a7d9-4ebd-baf4-859aed36165a,Airbus A319,Lufthansa
d0074d2e-3394-4775-91d2-7bd634aebdcd,2c2f162e-a7d9-4ebd-baf4-859aed36165a,Airbus A319,LATAM
e2f386cb-b7b8-487e-aa7f-909bfe37eb28,2c2f162e-a7d9-4ebd-baf4-859aed36165a,Airbus A319,TAP
8573e814-dcf4-490c-95d9-a092bf3e8365,2c2f162e-a7d9-4ebd-baf4-859aed36165a,Airbus A319,SAS - Retro
99430457-aa53-407e-adbc-bfba6fc30d2c,a266b67f-03e3-4f8c-a2bb-b57cfd4b12f3,Airbus A320,Generic
7fa8785a-ccb3-4448-86fe-b4c01cf0ffe1,a266b67f-03e3-4f8c-a2bb-b57cfd4b12f3,Airbus A320,Aeroflot
96a61185-ef51-4b64-ae32-437feb984504,a266b67f-03e3-4f8c-a2bb-b57cfd4b12f3,Airbus A320,Air Asia
7ae9316c-1e45-42b9-b3a2-d551602e21db,a266b67f-03e3-4f8c-a2bb-b57cfd4b12f3,Airbus A320,Batik Air
aa8405c7-0b6f-44c8-8427-32b0f75148a8,a266b67f-03e3-4f8c-a2bb-b57cfd4b12f3,Airbus A320,IndiGo
124af2c6-427f-4d51-bbdf-6c3f1e19cf60,a266b67f-03e3-4f8c-a2bb-b57cfd4b12f3,Airbus A320,JetBlue
912ccf1d-558d-4870-b616-3ce29e8cfa1a,a266b67f-03e3-4f8c-a2bb-b57cfd4b12f3,Airbus A320,Libyan Airlines
71afacfd-db50-4e1e-95f2-4b88393b5217,a266b67f-03e3-4f8c-a2bb-b57cfd4b12f3,Airbus A320,Air New Zealand
d5eb26d0-46f3-458f-aa8d-0b212c4338b3,a266b67f-03e3-4f8c-a2bb-b57cfd4b12f3,Airbus A320,Lufthansa
b6ec56bb-4bc1-4af4-87a1-8afb2bee0a7f,a266b67f-03e3-4f8c-a2bb-b57cfd4b12f3,Airbus A320,SAS
50d6d601-2aa2-4a0c-a8ed-46f74eb3358e,a266b67f-03e3-4f8c-a2bb-b57cfd4b12f3,Airbus A320,Spirit
cb98b7d4-ce2b-4993-97df-83e2dddae6af,a266b67f-03e3-4f8c-a2bb-b57cfd4b12f3,Airbus A320,United Airlines
dfa9602e-153f-464c-957a-db2f2946b3cf,a266b67f-03e3-4f8c-a2bb-b57cfd4b12f3,Airbus A320,US Airways
81ee5a23-8328-4175-ad21-d04d4ac4cacf,a266b67f-03e3-4f8c-a2bb-b57cfd4b12f3,Airbus A320,Virgin America
c08a973e-765f-499e-a881-34f077e3962c,a266b67f-03e3-4f8c-a2bb-b57cfd4b12f3,Airbus A320,Air France
9af3b872-384d-4c35-bbe7-c0e2f8bba721,a266b67f-03e3-4f8c-a2bb-b57cfd4b12f3,Airbus A320,American Airlines
dad1c4c4-f580-4690-a244-e11085952d03,a266b67f-03e3-4f8c-a2bb-b57cfd4b12f3,Airbus A320,Jetstar
cd1dadae-70a7-45f4-80b0-c166223ed1f3,a266b67f-03e3-4f8c-a2bb-b57cfd4b12f3,Airbus A320,Wizz Air
8944b457-4636-4359-b72b-e9f9999a06e6,a266b67f-03e3-4f8c-a2bb-b57cfd4b12f3,Airbus A320,EasyJet
efeaa8c7-f68c-4e56-9c76-d99434147105,a266b67f-03e3-4f8c-a2bb-b57cfd4b12f3,Airbus A320,Vueling
4f3bbc44-2c35-4ddb-b560-9c84978ef7f8,a266b67f-03e3-4f8c-a2bb-b57cfd4b12f3,Airbus A320,TAP
3fe3e367-242d-455e-9872-75d172e93f53,a266b67f-03e3-4f8c-a2bb-b57cfd4b12f3,Airbus A320,DutchBird
43511b25-f043-4bc4-b0e5-48ed43e2f83e,a266b67f-03e3-4f8c-a2bb-b57cfd4b12f3,Airbus A320,Frontier - Alberta and Clipper
a3e1de30-6a73-4c09-b86b-a432dc1b5631,a266b67f-03e3-4f8c-a2bb-b57cfd4b12f3,Airbus A320,Frontier - Colorado
4a8b4ebc-6417-4290-b231-f8e18e63cf38,a266b67f-03e3-4f8c-a2bb-b57cfd4b12f3,Airbus A320,Frontier - Hugh the Manatee
43db2679-9bc2-4a3d-bc7b-8ab0a6a0a743,a266b67f-03e3-4f8c-a2bb-b57cfd4b12f3,Airbus A320,Frontier - Ozzy
4a77f866-db3f-4451-b493-86d292e89300,a266b67f-03e3-4f8c-a2bb-b57cfd4b12f3,Airbus A320,Frontier - Sheldon
e1af9e1b-26a0-49ac-bb49-761e4fd5000f,a266b67f-03e3-4f8c-a2bb-b57cfd4b12f3,Airbus A320,Alaska Airlines
be20e70b-87f3-4b6c-bd23-c6ddd1651962,a266b67f-03e3-4f8c-a2bb-b57cfd4b12f3,Airbus A320,WOW Air
09893b8b-eef1-4055-976e-9ff14d934a11,a266b67f-03e3-4f8c-a2bb-b57cfd4b12f3,Airbus A320,QantasLink
83182ed7-3598-44fe-bba4-5301fd3850b9,a266b67f-03e3-4f8c-a2bb-b57cfd4b12f3,Airbus A320,British Airways
e44843cc-dd66-473c-b40b-f0a45380e5f9,a266b67f-03e3-4f8c-a2bb-b57cfd4b12f3,Airbus A320,LATAM
1a7de53e-bdb6-40e3-b2ec-193555d01b46,a266b67f-03e3-4f8c-a2bb-b57cfd4b12f3,Airbus A320,Peach Aviation
4f115fe1-7114-462a-aa91-74701cad6f18,a266b67f-03e3-4f8c-a2bb-b57cfd4b12f3,Airbus A320,Allegiant Air
7dded3a7-215f-441b-886d-416672de2167,a266b67f-03e3-4f8c-a2bb-b57cfd4b12f3,Airbus A320,Aer Lingus
09ed4e33-335c-4385-a8d6-fa076f68459d,d7434d84-555a-4d9b-93a7-53c77cf846ea,Airbus A321,Generic
f36ceb00-cd6c-46a9-9dc7-30721668a11f,d7434d84-555a-4d9b-93a7-53c77cf846ea,Airbus A321,Air India
9627685d-e466-4645-806c-4366d43d78f6,d7434d84-555a-4d9b-93a7-53c77cf846ea,Airbus A321,Aer Lingus
9576b574-f098-4875-9f8a-5e3a21632fb2,d7434d84-555a-4d9b-93a7-53c77cf846ea,Airbus A321,Alitalia
8ce5dac3-bea5-4b09-957b-7e8df7ce40d1,d7434d84-555a-4d9b-93a7-53c77cf846ea,Airbus A321,American Airlines
fff01f28-c366-446d-a969-5e5ee267f5f6,d7434d84-555a-4d9b-93a7-53c77cf846ea,Airbus A321,ANA
98ae73a4-faf5-4e91-b27a-c0ce45fc26a2,d7434d84-555a-4d9b-93a7-53c77cf846ea,Airbus A321,Asiana Airlines
2a5ebc6c-8246-4176-a2b1-5399dd1537de,d7434d84-555a-4d9b-93a7-53c77cf846ea,Airbus A321,Austrian Airlines
700c1fca-c1a8-4efd-9a73-2773aa3ae46d,d7434d84-555a-4d9b-93a7-53c77cf846ea,Airbus A321,Dragonair
3742625a-606f-4485-9572-85d927abc607,d7434d84-555a-4d9b-93a7-53c77cf846ea,Airbus A321,Etihad
6a895397-9918-4e5f-b8a5-ada34263480d,d7434d84-555a-4d9b-93a7-53c77cf846ea,Airbus A321,Etihad - 2015
f8a4e8cd-5ba5-45b7-884d-3ba8a2d10d6b,d7434d84-555a-4d9b-93a7-53c77cf846ea,Airbus A321,EVA Air
ecbb8067-e81f-4815-9039-7a68ae8ca196,d7434d84-555a-4d9b-93a7-53c77cf846ea,Airbus A321,Swiss
8b39cf0a-3c39-4894-9949-709e28ae3c1f,d7434d84-555a-4d9b-93a7-53c77cf846ea,Airbus A321,Finnair
9ee16a17-5d79-4f36-954d-e0d01d840c96,d7434d84-555a-4d9b-93a7-53c77cf846ea,Airbus A321,Gulf Air
4bb35051-5911-4237-a57b-ede876767b8c,d7434d84-555a-4d9b-93a7-53c77cf846ea,Airbus A321,Iberia
80b25154-18b8-4811-af25-16a9810f0e55,d7434d84-555a-4d9b-93a7-53c77cf846ea,Airbus A321,Middle East Airlines
5b07dffd-9f93-42af-8f48-547512c3efea,d7434d84-555a-4d9b-93a7-53c77cf846ea,Airbus A321,Philippines Airlines
cc6493fb-1cd7-481e-9c84-11c2f761e746,d7434d84-555a-4d9b-93a7-53c77cf846ea,Airbus A321,Thomas Cook
26528589-9e49-4038-b79e-8ec583c59166,d7434d84-555a-4d9b-93a7-53c77cf846ea,Airbus A321,Turkish Airlines
ddb6981c-1c63-4e11-a297-59cf70e81790,d7434d84-555a-4d9b-93a7-53c77cf846ea,Airbus A321,VietJet Air
2bc6b67f-e8af-4ac7-b2aa-54a1113d22eb,d7434d84-555a-4d9b-93a7-53c77cf846ea,Airbus A321,Vietnam Airlines
4e920d0f-a5c7-4e9c-a936-d6fa4d671a0d,d7434d84-555a-4d9b-93a7-53c77cf846ea,Airbus A321,Delta Air Lines
c26dca34-d4e7-428e-8bf2-5c2e09021628,d7434d84-555a-4d9b-93a7-53c77cf846ea,Airbus A321,Frontier - Virginia the Wolf
80fc182b-5e4c-4fd7-9103-7221a72091b5,d7434d84-555a-4d9b-93a7-53c77cf846ea,Airbus A321,JetBlue
061ee4be-7a62-4eee-8096-da4a0941ba0b,d7434d84-555a-4d9b-93a7-53c77cf846ea,Airbus A321,Spirit Airlines
d2b92cc1-7f87-4063-b215-ffb97eebf12a,d7434d84-555a-4d9b-93a7-53c77cf846ea,Airbus A321,British Airways
66666808-5c81-441b-89f1-d132889b2041,d7434d84-555a-4d9b-93a7-53c77cf846ea,Airbus A321,Air Canada
bd5ad51e-a753-4203-8eef-502da9f431e5,d7434d84-555a-4d9b-93a7-53c77cf846ea,Airbus A321,Wizz Air
a705c138-2ddd-4cf2-8f67-6c7f742eb09c,d7434d84-555a-4d9b-93a7-53c77cf846ea,Airbus A321,Cebu Pacific
38ad8ab5-57fd-4e9b-9367-8792aebc15b6,d7434d84-555a-4d9b-93a7-53c77cf846ea,Airbus A321,Qatar Airways
c9783f7c-1bd1-497d-b220-329b41abf78c,f580ad00-b7c7-4813-9dbc-c4a8c655cc46,Airbus A330-200F,UPS
c2a3e267-112f-4e4e-86fb-1ed94200467e,f580ad00-b7c7-4813-9dbc-c4a8c655cc46,Airbus A330-200F,Turkish Airlines Cargo
fb9d200c-563d-4e37-878a-849fc865d6bd,f580ad00-b7c7-4813-9dbc-c4a8c655cc46,Airbus A330-200F,Etihad Cargo
39c37dae-7aa8-4e95-a0fa-85c1391b0598,6af2c9f8-abd8-4872-a9bc-4e79fd84fe77,Airbus A330-300,Lufthansa
6bb2a9d2-2219-4251-8569-a8c8006d9140,6af2c9f8-abd8-4872-a9bc-4e79fd84fe77,Airbus A330-300,Cathay Pacific
b6621603-2884-4611-b105-1a3db20379b4,6af2c9f8-abd8-4872-a9bc-4e79fd84fe77,Airbus A330-300,Swiss International Air Lines
6f0305f2-b66a-4636-898a-82b72dfc2331,6af2c9f8-abd8-4872-a9bc-4e79fd84fe77,Airbus A330-300,Delta Air Lines
1f07d7de-e733-4287-a44d-021e3ba29f8f,6af2c9f8-abd8-4872-a9bc-4e79fd84fe77,Airbus A330-300,Air Canada
1ae8c721-b906-4a34-8dba-a81106258047,6af2c9f8-abd8-4872-a9bc-4e79fd84fe77,Airbus A330-300,SAS
e6b8145b-adf5-4ff1-933a-04d47a64f8f2,6af2c9f8-abd8-4872-a9bc-4e79fd84fe77,Airbus A330-300,Aeroflot
a79719a6-ff60-4a83-bf21-3a29f54dcdea,6af2c9f8-abd8-4872-a9bc-4e79fd84fe77,Airbus A330-300,China Airlines
88cd6503-d375-493e-87e3-32fa4395b93b,6af2c9f8-abd8-4872-a9bc-4e79fd84fe77,Airbus A330-300,EgyptAir
e8b7ddc6-69da-4874-a486-41edf278635f,6af2c9f8-abd8-4872-a9bc-4e79fd84fe77,Airbus A330-300,Generic
46688f70-ce7c-4a7f-b921-e1dd14219f15,8b00fd70-d825-4c30-a52e-3a27a3a1a157,Airbus A340-600,Lufthansa
1d146aef-e292-45f5-9785-3d8975d396c3,8b00fd70-d825-4c30-a52e-3a27a3a1a157,Airbus A340-600,Thai Airways
316acb70-b926-4dd2-9d6f-8ce7c5c6b6f9,8b00fd70-d825-4c30-a52e-3a27a3a1a157,Airbus A340-600,South African Airways
718541c4-6e1c-4c8c-9c75-3a24836b6781,8b00fd70-d825-4c30-a52e-3a27a3a1a157,Airbus A340-600,Virgin Atlantic
e20441bd-3714-4656-b931-b28387224653,8b00fd70-d825-4c30-a52e-3a27a3a1a157,Airbus A340-600,Airbus
a160b70f-4375-4719-81fd-850a3cdde8dd,8b00fd70-d825-4c30-a52e-3a27a3a1a157,Airbus A340-600,Virgin Atlantic - Old
62f4b3ad-536e-4d16-a581-312ca76f2354,8b00fd70-d825-4c30-a52e-3a27a3a1a157,Airbus A340-600,Etihad - Formula One
0d9917d1-3237-47ae-b541-accc7104aa77,8b00fd70-d825-4c30-a52e-3a27a3a1a157,Airbus A340-600,Qatar Airways
51653b24-996b-421b-9ab5-0b9fab1c0d35,8b00fd70-d825-4c30-a52e-3a27a3a1a157,Airbus A340-600,Generic
9c0ce19f-00b0-44ea-938d-8c70e4c48c7c,f11ed126-bce8-46ef-9265-69191c354575,Airbus A380,Air France
6cd83a20-b414-4250-bbff-fdc413bd1545,f11ed126-bce8-46ef-9265-69191c354575,Airbus A380,Asiana Airlines
62c77355-f439-485f-b8dd-2789a3750fed,f11ed126-bce8-46ef-9265-69191c354575,Airbus A380,Korean Air
5b45864c-d8e4-405a-95fc-6dc4332540c2,f11ed126-bce8-46ef-9265-69191c354575,Airbus A380,Qantas
b5f99762-08fa-473f-8877-27361bd9e91e,f11ed126-bce8-46ef-9265-69191c354575,Airbus A380,Qatar Airways
19f00139-e7e5-46eb-ad77-d89539aebd24,f11ed126-bce8-46ef-9265-69191c354575,Airbus A380,Singapore Airlines
0b6dd5b5-4a89-42d1-86a6-bd4676f14751,f11ed126-bce8-46ef-9265-69191c354575,Airbus A380,Lufthansa
7684ff31-9049-434c-988c-34eaf5f1bd70,f11ed126-bce8-46ef-9265-69191c354575,Airbus A380,Emirates
0cb88e15-2848-4510-8f3f-3046ea3b22fa,f11ed126-bce8-46ef-9265-69191c354575,Airbus A380,British Airways
acaad8d8-1d47-413b-a911-0704d73c2ee4,f11ed126-bce8-46ef-9265-69191c354575,Airbus A380,Thai Airways
5d6b236c-ce71-4180-80a7-807b9372670e,f11ed126-bce8-46ef-9265-69191c354575,Airbus A380,Malaysia Airlines
2b5609fa-0d67-48c4-bc35-82db3ffce594,f11ed126-bce8-46ef-9265-69191c354575,Airbus A380,Etihad
58f173ca-79c5-4642-8acd-1a89295ed417,f11ed126-bce8-46ef-9265-69191c354575,Airbus A380,Transaero
a9b4ca42-c2ee-4587-be37-a89f2e5ebd0a,f11ed126-bce8-46ef-9265-69191c354575,Airbus A380,Air Austral
793768c8-82f1-4562-be0a-31c7051a8aae,f11ed126-bce8-46ef-9265-69191c354575,Airbus A380,Generic
c4837bf8-319e-4ec9-9265-b46ea6d03cbb,341820c8-ed7e-4824-9f53-f7489231fe26,Boeing 717-200,AirTran
11b432bf-2896-40ce-9e47-6e7bfd6a45f6,341820c8-ed7e-4824-9f53-f7489231fe26,Boeing 717-200,AirTran - Atlanta Falcons
5dbbf756-98bb-4089-b6af-ea2bccb79fc8,341820c8-ed7e-4824-9f53-f7489231fe26,Boeing 717-200,Bangkok Air
3310d070-5a53-4011-8523-501965e1026b,341820c8-ed7e-4824-9f53-f7489231fe26,Boeing 717-200,Blue1
b37d7a32-6555-4e43-850f-5d57c86b1d29,341820c8-ed7e-4824-9f53-f7489231fe26,Boeing 717-200,Delta Air Lines
1cdca28f-ba3c-4f15-88bd-2c0dba083915,341820c8-ed7e-4824-9f53-f7489231fe26,Boeing 717-200,Hawaiian
eccc326d-cbfc-4647-8446-e06e999d2fa6,341820c8-ed7e-4824-9f53-f7489231fe26,Boeing 717-200,MexicanaClick
05f62b14-907a-4b43-88f6-dc53df3f93a2,341820c8-ed7e-4824-9f53-f7489231fe26,Boeing 717-200,QantasLink
26767476-7ca9-40f2-b608-a3bc8fa99d61,341820c8-ed7e-4824-9f53-f7489231fe26,Boeing 717-200,Quantum Air
0aca8d69-66a2-4f59-83ee-3f874b05c858,341820c8-ed7e-4824-9f53-f7489231fe26,Boeing 717-200,Spanair
8a7a372f-946f-4103-b1c4-7ce1bb7476c0,341820c8-ed7e-4824-9f53-f7489231fe26,Boeing 717-200,Generic
2ddb13a1-157c-4872-9f77-40cc92a4c5a7,2ec6f8cd-fdb9-464f-87c2-808f778fdb1d,Boeing 737-700,Generic
d5abf376-3533-42cc-86c4-8f3710e0994f,2ec6f8cd-fdb9-464f-87c2-808f778fdb1d,Boeing 737-700,WestJet
ed33652c-811b-4128-a648-185c6f8e213f,2ec6f8cd-fdb9-464f-87c2-808f778fdb1d,Boeing 737-700,Turkish Airlines
33d40f32-783c-422c-a055-5838761c101b,2ec6f8cd-fdb9-464f-87c2-808f778fdb1d,Boeing 737-700,TUIFly
d78fbb08-1549-4e92-b7f6-19c401369c86,2ec6f8cd-fdb9-464f-87c2-808f778fdb1d,Boeing 737-700,KLM
34488fc3-07f5-495e-89eb-97702b3ace7a,2ec6f8cd-fdb9-464f-87c2-808f778fdb1d,Boeing 737-700,GOL
46d5fd2a-1206-470c-8533-4deed63cc359,2ec6f8cd-fdb9-464f-87c2-808f778fdb1d,Boeing 737-700,AirTran
3d26675a-9041-44f5-b525-778d8f2b24e6,2ec6f8cd-fdb9-464f-87c2-808f778fdb1d,Boeing 737-700,Air Berlin
9614600e-be34-4340-b3ad-31c7c89b955e,2ec6f8cd-fdb9-464f-87c2-808f778fdb1d,Boeing 737-700,Aeromexico
b9ce2d2d-41ad-4d73-869b-70104d468c77,2ec6f8cd-fdb9-464f-87c2-808f778fdb1d,Boeing 737-700,Air China
030113e9-c9b9-446f-9ac9-88d20f2487a8,2ec6f8cd-fdb9-464f-87c2-808f778fdb1d,Boeing 737-700,Luxair
927a13b5-e1ff-47b2-a823-f998afbc336d,2ec6f8cd-fdb9-464f-87c2-808f778fdb1d,Boeing 737-700,Southwest - Canyon Blue
b208d4ea-55ca-4689-94c1-1feb555c5b4f,2ec6f8cd-fdb9-464f-87c2-808f778fdb1d,Boeing 737-700,Southwest - Desert Gold
1e3d3711-cd6b-4ea6-9c6a-c3e2c1c37ee9,2ec6f8cd-fdb9-464f-87c2-808f778fdb1d,Boeing 737-700,Southwest - Heart
e6b105af-8676-44e4-8ded-d75d102292a0,2ec6f8cd-fdb9-464f-87c2-808f778fdb1d,Boeing 737-700,Southwest - Illinois One
09f496d0-7655-403b-b633-c14eef1fb947,2ec6f8cd-fdb9-464f-87c2-808f778fdb1d,Boeing 737-700,Southwest - Shamu
72929c2f-efd3-43c4-bca3-7167f57e4b7e,2ec6f8cd-fdb9-464f-87c2-808f778fdb1d,Boeing 737-700,Fiji Airways
2d06f608-ed33-482d-84f7-7c724acc7abc,2ec6f8cd-fdb9-464f-87c2-808f778fdb1d,Boeing 737-700,KLM - 2015
205f9b95-999c-4aae-b2cf-ba3e94f5b093,2ec6f8cd-fdb9-464f-87c2-808f778fdb1d,Boeing 737-700,TAAG Angola Airlines
7c57062e-0c74-4cfd-84fa-99e7559aa7ea,2ec6f8cd-fdb9-464f-87c2-808f778fdb1d,Boeing 737-700,SAS
65f3c70a-fa90-42e2-8a11-dce5f910fe72,2ec6f8cd-fdb9-464f-87c2-808f778fdb1d,Boeing 737-700,United Airlines
169ece6a-d778-481b-867f-4ea4743b68c4,2ec6f8cd-fdb9-464f-87c2-808f778fdb1d,Boeing 737-700,BBJ - Infinite Flight - 2014
beddc4f8-a6fe-4141-bf0f-c976bedc124e,2ec6f8cd-fdb9-464f-87c2-808f778fdb1d,Boeing 737-700,BBJ - Infinite Flight - 2015
21fa24d7-7493-4baf-9026-90f834b3eca7,2ec6f8cd-fdb9-464f-87c2-808f778fdb1d,Boeing 737-700,BBJ - US Air Force
e28c8b6b-9fb1-48b3-a598-7b2c114a262c,2ec6f8cd-fdb9-464f-87c2-808f778fdb1d,Boeing 737-700,BBJ - Gold and Red
fc01ff1c-6da9-4f6e-9a3c-ebb6747f3f23,2ec6f8cd-fdb9-464f-87c2-808f778fdb1d,Boeing 737-700,BBJ - Black and Purple
fa859c66-ef04-42f7-a281-29b03f696a29,2ec6f8cd-fdb9-464f-87c2-808f778fdb1d,Boeing 737-700,BBJ - Grey and Black
6802642b-db73-4838-81e9-81098c0be1ae,2ec6f8cd-fdb9-464f-87c2-808f778fdb1d,Boeing 737-700,BBJ - Infinite Flight - 2018
02a8c821-2105-4b3d-99eb-1d8223076bb0,f60a537d-5f83-4b68-8f66-b5f76d1e1775,Boeing 737-800,Generic
e0567288-665a-4285-99ea-845e92329206,f60a537d-5f83-4b68-8f66-b5f76d1e1775,Boeing 737-800,Alaska Airlines
7da07d85-ac0b-42a7-a94d-91bb95bb23c2,f60a537d-5f83-4b68-8f66-b5f76d1e1775,Boeing 737-800,American Airlines
580dd907-26c7-4977-882b-fd77dd4e9f0b,f60a537d-5f83-4b68-8f66-b5f76d1e1775,Boeing 737-800,American Airlines - Old
25ab2650-9f1f-4981-8e32-a3fe891ea8d3,f60a537d-5f83-4b68-8f66-b5f76d1e1775,Boeing 737-800,Delta Air Lines
4b63efe8-1188-4e39-9c14-ab23be432fde,f60a537d-5f83-4b68-8f66-b5f76d1e1775,Boeing 737-800,El Al
f401871d-471e-49b9-a144-f14a09a2d71b,f60a537d-5f83-4b68-8f66-b5f76d1e1775,Boeing 737-800,Garuda Indonesia
1b4b96cf-9df0-4188-994e-7d87dea49dbc,f60a537d-5f83-4b68-8f66-b5f76d1e1775,Boeing 737-800,JAL Express
c6cd7560-1351-4d49-95a8-62c5c5e63509,f60a537d-5f83-4b68-8f66-b5f76d1e1775,Boeing 737-800,Malaysia Airlines
714153d2-39fc-4e28-ac8f-6bf03baa93d4,f60a537d-5f83-4b68-8f66-b5f76d1e1775,Boeing 737-800,Norwegian Air Shuttle X
27b2962a-4315-496a-851c-c809a95f3356,f60a537d-5f83-4b68-8f66-b5f76d1e1775,Boeing 737-800,Royal Air Maroc
4444cae6-7aa9-4ca1-aea8-866cd0d4751c,f60a537d-5f83-4b68-8f66-b5f76d1e1775,Boeing 737-800,Ryanair
2e6f5324-c801-4769-9101-3b15164b38aa,f60a537d-5f83-4b68-8f66-b5f76d1e1775,Boeing 737-800,Southwest - Canyon Blue
4bdeab72-1849-4838-a3da-7984571e4c5f,f60a537d-5f83-4b68-8f66-b5f76d1e1775,Boeing 737-800,Thomson
8c6741da-8e7d-4fff-8a5a-c0c1803c3a78,f60a537d-5f83-4b68-8f66-b5f76d1e1775,Boeing 737-800,Transavia
bf8d45a0-878a-4a9b-9c2c-20c701ed652b,f60a537d-5f83-4b68-8f66-b5f76d1e1775,Boeing 737-800,TUIFly
68d723ee-ad45-4b8c-acb8-468f6a6c3713,f60a537d-5f83-4b68-8f66-b5f76d1e1775,Boeing 737-800,United Airlines
8684e59d-f21f-4d07-9f48-8ceaa0a3da85,f60a537d-5f83-4b68-8f66-b5f76d1e1775,Boeing 737-800,Jet2
73983b9b-6fbf-4a41-8cda-5705a205d9c2,f60a537d-5f83-4b68-8f66-b5f76d1e1775,Boeing 737-800,Caribbean Airlines
78a78eb5-9b23-4e4d-8312-2db5f4ac889a,f60a537d-5f83-4b68-8f66-b5f76d1e1775,Boeing 737-800,Qantas
643f687b-9553-4dd1-a98b-7932b6ec0529,f60a537d-5f83-4b68-8f66-b5f76d1e1775,Boeing 737-800,GOL - 2018
a1a53d68-462a-4a4a-afe2-02361297f048,f60a537d-5f83-4b68-8f66-b5f76d1e1775,Boeing 737-800,Aerol√≠neas Argentinas
8ba514eb-638f-47cc-ac81-15f7c2f4fa2a,f60a537d-5f83-4b68-8f66-b5f76d1e1775,Boeing 737-800,SAS
7871553d-8dcb-49c0-8933-45bf680c7231,f60a537d-5f83-4b68-8f66-b5f76d1e1775,Boeing 737-800,Arik Air
a0916499-07fd-402f-a6ef-4e2c1c97ebbc,f60a537d-5f83-4b68-8f66-b5f76d1e1775,Boeing 737-800,British Airways - Comair
46d3f77b-b8f9-4aa1-83e2-344d3ad55a34,f60a537d-5f83-4b68-8f66-b5f76d1e1775,Boeing 737-800,EgyptAir
d3c3e524-e6c0-41d4-9b7a-d96ecd8b6fd6,f60a537d-5f83-4b68-8f66-b5f76d1e1775,Boeing 737-800,Flydubai
a3275da7-6b22-4037-9e71-3a47ae042941,f60a537d-5f83-4b68-8f66-b5f76d1e1775,Boeing 737-800,Kulula
b3e6f1e4-91e0-4944-b95f-e824de7df9fe,f60a537d-5f83-4b68-8f66-b5f76d1e1775,Boeing 737-800,LOT Polish Airlines
529073ab-a627-49e4-a9bd-82d24818ea62,f60a537d-5f83-4b68-8f66-b5f76d1e1775,Boeing 737-800,Mango
addc229f-cffd-4965-bd43-9744928396e3,f60a537d-5f83-4b68-8f66-b5f76d1e1775,Boeing 737-800,South African Airways
dd57566a-ceb7-44af-9667-8f4f28b049dc,f60a537d-5f83-4b68-8f66-b5f76d1e1775,Boeing 737-800,Southwest - Heart
20b5b6d5-a460-4637-a4f7-a90a3a10b248,f60a537d-5f83-4b68-8f66-b5f76d1e1775,Boeing 737-800,TUI X
f68c3d65-7a7a-4f8b-9488-b071281e1613,f60a537d-5f83-4b68-8f66-b5f76d1e1775,Boeing 737-800,Virgin Australia
299d8f96-6a9b-4b38-8994-f56024f0531c,f60a537d-5f83-4b68-8f66-b5f76d1e1775,Boeing 737-800,Webjet
3ae370a0-2162-423c-a8ec-41982f011436,f60a537d-5f83-4b68-8f66-b5f76d1e1775,Boeing 737-800,American Airlines - TWA
482953cd-3f43-4ca5-9850-590960610bfc,f60a537d-5f83-4b68-8f66-b5f76d1e1775,Boeing 737-800,American Airlines - Astrojet
59644661-7b64-444c-8ce6-4d7dc6c10094,f60a537d-5f83-4b68-8f66-b5f76d1e1775,Boeing 737-800,Westjet
6cd046f4-ca62-4450-8b51-6cb68dc2f5a0,f60a537d-5f83-4b68-8f66-b5f76d1e1775,Boeing 737-800,GOL+
1f2a3c41-e524-44e0-a16a-fc98ea892d60,64568366-b72c-47bd-8bf6-6fdb81b683f9,Boeing 737-900,Generic
3b78c0ef-9e50-4a88-a6ac-008637a092f1,64568366-b72c-47bd-8bf6-6fdb81b683f9,Boeing 737-900,Alaska Airlines
7d3b9146-9ee3-4c40-a4e4-eeb260fb7527,64568366-b72c-47bd-8bf6-6fdb81b683f9,Boeing 737-900,Lion Air
71d5561f-d645-4032-a067-c79a929227fe,64568366-b72c-47bd-8bf6-6fdb81b683f9,Boeing 737-900,Korean Airlines
db9788ef-23bf-4dec-876f-afdfebcf516c,64568366-b72c-47bd-8bf6-6fdb81b683f9,Boeing 737-900,United Airlines
cca1521f-d062-47c1-88cb-9a7632db19ca,64568366-b72c-47bd-8bf6-6fdb81b683f9,Boeing 737-900,Factory
990fae44-9d28-4cb0-9ad6-558c9911c131,64568366-b72c-47bd-8bf6-6fdb81b683f9,Boeing 737-900,Ukraine International
a2f22392-7af3-4344-a29b-fc8fbd44a800,64568366-b72c-47bd-8bf6-6fdb81b683f9,Boeing 737-900,KLM
b4e57453-29ed-4cff-9098-bdb81b000ccc,64568366-b72c-47bd-8bf6-6fdb81b683f9,Boeing 737-900,Turkish Airlines
ed553760-866f-41a9-bda0-33da4d0ba8b3,64568366-b72c-47bd-8bf6-6fdb81b683f9,Boeing 737-900,Delta Air Lines
6b6e2aa3-3f85-42c5-8925-d4e09bae10ce,64568366-b72c-47bd-8bf6-6fdb81b683f9,Boeing 737-900,BBJ3
69d1aeb0-2560-4bc7-a4c8-a49f1dcafe6c,64568366-b72c-47bd-8bf6-6fdb81b683f9,Boeing 737-900,Jet Airways
3d3c0efd-a27e-4e48-921d-e14f8a499e27,64568366-b72c-47bd-8bf6-6fdb81b683f9,Boeing 737-900,Aeroflot
dd1dcc93-5ff7-43fd-85b0-45882b0afe9f,64568366-b72c-47bd-8bf6-6fdb81b683f9,Boeing 737-900,Sriwijaya Air
73496cb1-d3ad-4ab2-a69b-4e3135cc11ad,64568366-b72c-47bd-8bf6-6fdb81b683f9,Boeing 737-900,Malindo Air
4bc4aa6b-fbb4-4bcc-8879-8360d7ca44cf,64568366-b72c-47bd-8bf6-6fdb81b683f9,Boeing 737-900,Alaska Airlines - 2016
d1c08a57-e6ca-41f2-9957-ec6509efae55,64568366-b72c-47bd-8bf6-6fdb81b683f9,Boeing 737-900,Alaska Airlines - Virgin
153d8b77-7fb1-4c6a-a204-0a2007e9d3b1,64568366-b72c-47bd-8bf6-6fdb81b683f9,Boeing 737-900,Spicejet
f2903494-41e5-4d0d-acb4-88001fb6a8e9,c82da702-ea61-4399-921c-34f35f3ca5c4,Boeing 747-200,Generic
b5e73279-8985-41b3-b812-7585e76c67b2,c82da702-ea61-4399-921c-34f35f3ca5c4,Boeing 747-200,Air Canada
88a4db7e-9879-43f3-ad28-a0cccb139424,c82da702-ea61-4399-921c-34f35f3ca5c4,Boeing 747-200,Alitalia
72e4a47f-1a7b-4d19-926e-3df058aae2d6,c82da702-ea61-4399-921c-34f35f3ca5c4,Boeing 747-200,Iberia
8ca22232-8898-41b7-bb70-251e56ce28d4,c82da702-ea61-4399-921c-34f35f3ca5c4,Boeing 747-200,Iran Air
83597480-327d-4c5e-9d4d-f0ab297ded90,c82da702-ea61-4399-921c-34f35f3ca5c4,Boeing 747-200,Japan Airlines
f7afb10c-f0de-4d13-b19e-d459db06b675,c82da702-ea61-4399-921c-34f35f3ca5c4,Boeing 747-200,Northwest Airlines
b756a9a2-9d69-42a3-bf8f-865067d6e848,c82da702-ea61-4399-921c-34f35f3ca5c4,Boeing 747-200,Olympic
8843e889-fb91-4d8f-9b3d-a0dde5517849,c82da702-ea61-4399-921c-34f35f3ca5c4,Boeing 747-200,Pakistan Airlines
7214f6fc-8486-4af4-a65c-be5bd5e8f91a,c82da702-ea61-4399-921c-34f35f3ca5c4,Boeing 747-200,PAN AM
d72f9b34-d2c9-4cb9-a551-714e005e8d22,c82da702-ea61-4399-921c-34f35f3ca5c4,Boeing 747-200,SAS
390a016b-28ca-4b96-8bca-c4f32f208e51,c82da702-ea61-4399-921c-34f35f3ca5c4,Boeing 747-200,South African Airways
88b2b8b8-1b26-4501-ac93-0b0719d9ce1a,c82da702-ea61-4399-921c-34f35f3ca5c4,Boeing 747-200,KLM
5fe2e9e5-4706-49c1-9282-502443401f73,c82da702-ea61-4399-921c-34f35f3ca5c4,Boeing 747-200,Air Portugal
f7f41044-fef3-4946-a715-7ad45e355e6c,de510d3d-04f8-46e0-8d65-55b888f33129,Boeing 747-400,Generic
c875c0e9-19c2-420d-8fb4-32c151bd797c,de510d3d-04f8-46e0-8d65-55b888f33129,Boeing 747-400,Air France
d0ce813d-f935-4c3e-8a80-25c4e5c9de5c,de510d3d-04f8-46e0-8d65-55b888f33129,Boeing 747-400,Atlas Air
a52b44dd-ad32-4b98-95ae-75dbd7c012b7,de510d3d-04f8-46e0-8d65-55b888f33129,Boeing 747-400,KLM
da870199-7c69-4e36-a429-5c358027cbbc,de510d3d-04f8-46e0-8d65-55b888f33129,Boeing 747-400,KLM - 2015
a2d31484-994f-4d79-a14e-f02b051f0996,de510d3d-04f8-46e0-8d65-55b888f33129,Boeing 747-400,Asiana Airlines
f197e9e6-f684-4c86-bdcb-a1a090eb09c4,de510d3d-04f8-46e0-8d65-55b888f33129,Boeing 747-400,Philippine Airlines
402e9952-6086-4f54-90c4-d809b35b3c90,de510d3d-04f8-46e0-8d65-55b888f33129,Boeing 747-400,Lufthansa
c79fb33e-a0fc-4b2d-894e-5b95527e7133,de510d3d-04f8-46e0-8d65-55b888f33129,Boeing 747-400,British Airways
d13fb02f-80d5-4574-8296-2d921c3b1986,de510d3d-04f8-46e0-8d65-55b888f33129,Boeing 747-400,Cathay Pacific
bbd9aceb-63dd-4acb-97e4-579156d02a7f,de510d3d-04f8-46e0-8d65-55b888f33129,Boeing 747-400,Qantas
d94d5b35-3c91-41f4-b3d2-53b5cddb9323,de510d3d-04f8-46e0-8d65-55b888f33129,Boeing 747-400,United Airlines
22d68e43-3921-4e78-9f86-ee547710d6ab,de510d3d-04f8-46e0-8d65-55b888f33129,Boeing 747-400,Thai Airways
2f95f32a-64a6-4828-a8b5-e9c2ae3c86cc,de510d3d-04f8-46e0-8d65-55b888f33129,Boeing 747-400,Delta Air Lines
728b3068-37a7-48d6-8eb3-37ea557d1e62,de510d3d-04f8-46e0-8d65-55b888f33129,Boeing 747-400,China Airlines
de4f4e0f-1678-45b9-b898-99b005b394db,de510d3d-04f8-46e0-8d65-55b888f33129,Boeing 747-400,Malaysia Airlines
f40bd998-f933-4cb4-ac02-14fe774cd682,de510d3d-04f8-46e0-8d65-55b888f33129,Boeing 747-400,Air India
91c85aae-5291-4557-8d22-5c15de9dbbc1,9759c19f-8f18-40f5-80d1-03a272f98a3b,Boeing 747-8,Generic
35662142-596c-468e-ade6-41d480e0a787,9759c19f-8f18-40f5-80d1-03a272f98a3b,Boeing 747-8,Air Bridge Cargo
eecb55e9-7afb-4511-9efa-26cb3f1858f1,9759c19f-8f18-40f5-80d1-03a272f98a3b,Boeing 747-8,Air China
da881bad-4b65-48c7-bf7e-afcffccec676,9759c19f-8f18-40f5-80d1-03a272f98a3b,Boeing 747-8,BBJ
66957431-291b-4631-a6e2-afd300cd7f08,9759c19f-8f18-40f5-80d1-03a272f98a3b,Boeing 747-8,Boeing
c411ae45-da02-4926-889e-d916b549c07d,9759c19f-8f18-40f5-80d1-03a272f98a3b,Boeing 747-8,Boeing Freight
319eff75-f177-47c6-bbcd-beb82d6d86a9,9759c19f-8f18-40f5-80d1-03a272f98a3b,Boeing 747-8,Cargolux
8fc7b30d-a63a-4a08-8dd0-15e9666b2801,9759c19f-8f18-40f5-80d1-03a272f98a3b,Boeing 747-8,Korean
13eda18c-f8ce-45b3-8a46-10e188b34618,9759c19f-8f18-40f5-80d1-03a272f98a3b,Boeing 747-8,Lufthansa
9352a1a7-5232-432b-945f-8b5576c1b074,9759c19f-8f18-40f5-80d1-03a272f98a3b,Boeing 747-8,Nippon Cargo
7ac6510b-6f2f-4705-a54d-3420f3ccbebf,9759c19f-8f18-40f5-80d1-03a272f98a3b,Boeing 747-8,Transaero
c22a0cf6-5dd8-4af7-8cf4-e0c219ef5e6d,9759c19f-8f18-40f5-80d1-03a272f98a3b,Boeing 747-8,Infinite Flight - 2015
a4084404-4469-4ed1-8d2b-8ac28cb1ca9d,9759c19f-8f18-40f5-80d1-03a272f98a3b,Boeing 747-8,Lufthansa - 2018
88e3c777-6dc9-4d49-9d59-0d91fdf0d471,9759c19f-8f18-40f5-80d1-03a272f98a3b,Boeing 747-8,Seattle Seahawks
948c7d6d-b93e-44e4-8058-72e9fbccd16a,0d49ce9e-446a-4d12-b651-6983afdeeb40,Boeing 747-SCA,Shuttle Carrier
6321131f-ffeb-49eb-812d-03af2b4373f3,3ee45d20-1984-4d95-a753-3696e35cdf77,Boeing 747-SOFIA,SOFIA
029945bc-27a3-4bd2-831a-f593a809f918,ed29f26b-774e-471e-a23a-ecb9b6f5da74,Boeing 757-200,American Airlines - 2013
be3e90ff-0ba3-4a65-a51f-118afd4b9505,ed29f26b-774e-471e-a23a-ecb9b6f5da74,Boeing 757-200,Delta Air Lines
96059758-e7c7-4932-ac6b-287600e96a35,ed29f26b-774e-471e-a23a-ecb9b6f5da74,Boeing 757-200,Icelandair
85a55755-6316-4045-8477-f972c16acb0a,ed29f26b-774e-471e-a23a-ecb9b6f5da74,Boeing 757-200,Monarch
649cf469-a224-4ff0-a5e3-49156b72c399,ed29f26b-774e-471e-a23a-ecb9b6f5da74,Boeing 757-200,US Air Force
2fe35dc7-bf3a-432a-bf80-4f261b274db7,ed29f26b-774e-471e-a23a-ecb9b6f5da74,Boeing 757-200,British Airways
44f25778-528d-4e27-9215-0c495d12c82e,ed29f26b-774e-471e-a23a-ecb9b6f5da74,Boeing 757-200,Generic
00782c6a-0681-450c-826e-6659e7da4032,3828d120-d5b9-475b-b368-a94aad264b07,Boeing 767-300,American Airlines - Old
bb5217fd-9505-4b1b-92e9-adb8be56ab04,3828d120-d5b9-475b-b368-a94aad264b07,Boeing 767-300,KLM
778a1b8a-35ac-43a3-8556-2d7bf78c062a,3828d120-d5b9-475b-b368-a94aad264b07,Boeing 767-300,Air Canada
feec78d6-5eb5-4569-810c-89d35eddf246,3828d120-d5b9-475b-b368-a94aad264b07,Boeing 767-300,British Airways
f19e1cb5-b7e4-4390-bece-2edb25037612,3828d120-d5b9-475b-b368-a94aad264b07,Boeing 767-300,Delta Air Lines
09f74d34-d35d-428a-bc55-68a83e7b3a68,3828d120-d5b9-475b-b368-a94aad264b07,Boeing 767-300,Hawaiian Airlines
f2e25c0d-d7b1-4559-9c35-bc3f097a7428,3828d120-d5b9-475b-b368-a94aad264b07,Boeing 767-300,Qantas
a1bd7197-9180-41f1-b606-426a89fffd5e,3828d120-d5b9-475b-b368-a94aad264b07,Boeing 767-300,LAN
831564a0-6e1a-459e-92b1-399975f21cd6,3828d120-d5b9-475b-b368-a94aad264b07,Boeing 767-300,United Continental
2aa5222d-a48a-4b84-9b5b-321dee653ca0,3828d120-d5b9-475b-b368-a94aad264b07,Boeing 767-300,Air France
02fbbdd9-b2d3-4d36-ac77-3944ae9717cf,3828d120-d5b9-475b-b368-a94aad264b07,Boeing 767-300,United Airlines
8822658b-a663-4056-88d9-fc1d8cb3b924,3828d120-d5b9-475b-b368-a94aad264b07,Boeing 767-300,Thomas Cook
fd2a7f07-05f8-48e8-927f-156893ab79e4,3828d120-d5b9-475b-b368-a94aad264b07,Boeing 767-300,Generic
10605929-b9fb-4ff3-9904-602fe542d1b8,bec63a00-a483-4427-a076-0f76dba0ee97,Boeing 777-200ER,Asiana Airlines
f6dd5782-db80-4e45-8216-b2054adf63a2,bec63a00-a483-4427-a076-0f76dba0ee97,Boeing 777-200ER,American Airlines
a20ebf14-830a-4f05-b173-2dcd30c5a586,bec63a00-a483-4427-a076-0f76dba0ee97,Boeing 777-200ER,Infinite Flight - 2019
f0d39f11-4022-4eac-b8c1-bd8d39f2476f,bec63a00-a483-4427-a076-0f76dba0ee97,Boeing 777-200ER,Alitalia
9fdf113a-13cc-4b60-a82b-d7d4ce614b41,bec63a00-a483-4427-a076-0f76dba0ee97,Boeing 777-200ER,Delta Air Lines
48171663-d72d-4b70-b6c7-2a74a03394a4,bec63a00-a483-4427-a076-0f76dba0ee97,Boeing 777-200ER,Aeromexico
4ed62ac9-2802-4669-823c-5b65e496565f,bec63a00-a483-4427-a076-0f76dba0ee97,Boeing 777-200ER,Air France
48030882-99e0-4572-b3d6-ed1555cc90e7,bec63a00-a483-4427-a076-0f76dba0ee97,Boeing 777-200ER,ANA
1d5a71b3-1c9b-40fd-bd41-e82a53cc3166,bec63a00-a483-4427-a076-0f76dba0ee97,Boeing 777-200ER,British Airways
5bef89a5-ab43-4751-97cf-ba8b569d7666,bec63a00-a483-4427-a076-0f76dba0ee97,Boeing 777-200ER,Japan Airlines
f5f4f137-44a5-47c8-bcc6-0abadceeb430,bec63a00-a483-4427-a076-0f76dba0ee97,Boeing 777-200ER,Malaysia Airlines
2b16e5d7-7547-440e-bd04-28b946be52c7,bec63a00-a483-4427-a076-0f76dba0ee97,Boeing 777-200ER,United Airlines - Old
249ad181-d658-415d-86d2-a61eac3f7868,bec63a00-a483-4427-a076-0f76dba0ee97,Boeing 777-200ER,American Airlines - One World
5a78878b-de34-45d4-809d-47d4a3fecb6f,bec63a00-a483-4427-a076-0f76dba0ee97,Boeing 777-200ER,Thai Airways
f6c94d1f-18db-4ca4-b0a0-e4f04999f77f,bec63a00-a483-4427-a076-0f76dba0ee97,Boeing 777-200ER,Omni Air International
0f6d4d00-958e-485c-9903-66ca5d3b1d42,bec63a00-a483-4427-a076-0f76dba0ee97,Boeing 777-200ER,Generic
83e3dc55-a29c-4737-a6d8-5255a442e326,bec63a00-a483-4427-a076-0f76dba0ee97,Boeing 777-200ER,United Airlines
4ccd5568-0c74-45ec-a836-74ab19b68697,bec63a00-a483-4427-a076-0f76dba0ee97,Boeing 777-200ER,Korean Airlines
9d2a8eba-e588-4608-b960-4d5a83aca656,bec63a00-a483-4427-a076-0f76dba0ee97,Boeing 777-200ER,KLM
0ffc1641-3ab9-4b16-a701-033ab41ed08d,6925c030-a868-49cc-adc8-7025537c51ca,Boeing 777F,Southern Air
d425409e-7f32-40f6-98e1-4aa57ecca450,6925c030-a868-49cc-adc8-7025537c51ca,Boeing 777F,FedEx
833cd0f1-5b9e-4af9-bc5c-b4313164c275,6925c030-a868-49cc-adc8-7025537c51ca,Boeing 777F,AeroLogic
5ba8551e-e8bc-4021-a180-76c6a3cec21f,6925c030-a868-49cc-adc8-7025537c51ca,Boeing 777F,TNT
a7c375a0-f126-49af-bb18-72ffe13b0f87,6925c030-a868-49cc-adc8-7025537c51ca,Boeing 777F,Emirates Sky Cargo
17b63297-e3c0-46b5-a978-17f5e3c3d1c9,6925c030-a868-49cc-adc8-7025537c51ca,Boeing 777F,China Southern Cargo
1b9586bd-c0ca-4bc3-9e1b-9664f58e396c,6925c030-a868-49cc-adc8-7025537c51ca,Boeing 777F,Qatar Cargo
11db298c-b35f-4463-99ab-8c854dc35b63,6925c030-a868-49cc-adc8-7025537c51ca,Boeing 777F,Etihad Cargo
67ff78a3-7491-49d2-aa55-3a0feb44627c,6925c030-a868-49cc-adc8-7025537c51ca,Boeing 777F,China Cargo
b9a6c94f-a524-4239-a547-98bf7187f617,6925c030-a868-49cc-adc8-7025537c51ca,Boeing 777F,LAN Cargo
657251e1-ee11-4694-94b6-a7e2e93aa195,6925c030-a868-49cc-adc8-7025537c51ca,Boeing 777F,Generic
839dfcf4-67b5-419d-8470-d67a1e1e34e7,6925c030-a868-49cc-adc8-7025537c51ca,Boeing 777F,Air France Cargo
25e33bf8-1cf6-465f-b723-2995cfe8719b,6925c030-a868-49cc-adc8-7025537c51ca,Boeing 777F,Lufthansa Cargo
f6d7598b-85ec-4d7d-ae2e-7d062462d523,6925c030-a868-49cc-adc8-7025537c51ca,Boeing 777F,Korean Air Cargo
e0b9c8e6-523f-4407-8a45-cc4f82b54563,8290107b-d728-4fc3-b36e-0224c1780bac,Boeing 777-200LR,Generic
0ae1a881-a968-4377-af67-22338b40db2d,8290107b-d728-4fc3-b36e-0224c1780bac,Boeing 777-200LR,Air Austral
d47f2df4-2fcb-4d4a-9286-12ae8e923177,8290107b-d728-4fc3-b36e-0224c1780bac,Boeing 777-200LR,Air Canada
9b511f5a-a981-48a8-8b42-a23cda651e0b,8290107b-d728-4fc3-b36e-0224c1780bac,Boeing 777-200LR,Air India
fe0c16ec-1fe5-46fe-a056-9643773fedd0,8290107b-d728-4fc3-b36e-0224c1780bac,Boeing 777-200LR,CEIBA Intercontinental
6050b8b9-bf69-47cb-93d0-555fe21bfd32,8290107b-d728-4fc3-b36e-0224c1780bac,Boeing 777-200LR,Delta Air Lines
f5179960-88f1-4087-8b33-53acc3bca138,8290107b-d728-4fc3-b36e-0224c1780bac,Boeing 777-200LR,Emirates
03949eb7-ff6a-4050-aaf6-511388690990,8290107b-d728-4fc3-b36e-0224c1780bac,Boeing 777-200LR,Ethiopian Airlines
f5b60b93-9b88-4d09-981b-d54aa79a2044,8290107b-d728-4fc3-b36e-0224c1780bac,Boeing 777-200LR,Pakistan International Airlines
aafa295c-0584-4683-b880-ac87759785b8,8290107b-d728-4fc3-b36e-0224c1780bac,Boeing 777-200LR,Qatar Airways
dcfdd54c-471b-4a49-8222-e42fc48b9443,8290107b-d728-4fc3-b36e-0224c1780bac,Boeing 777-200LR,Turkmenistan Airlines
6ac4bcc9-7a0b-4c5c-af7e-8b2553b984ac,e258f6d4-4503-4dde-b25c-1fb9067061e2,Boeing 777-300ER,KLM
03318dfc-6328-4e8c-8288-3a7ea69c4249,e258f6d4-4503-4dde-b25c-1fb9067061e2,Boeing 777-300ER,Turkish Airlines
816731e6-9ecd-4c4e-9f53-194f405a9d11,e258f6d4-4503-4dde-b25c-1fb9067061e2,Boeing 777-300ER,Philippine Airlines
55d89ea7-38b8-4b9e-9c2a-cfce49928bed,e258f6d4-4503-4dde-b25c-1fb9067061e2,Boeing 777-300ER,China Airlines
be5d316e-5511-41e8-be13-38dc9544623f,e258f6d4-4503-4dde-b25c-1fb9067061e2,Boeing 777-300ER,Air France
df597aaf-456c-4878-9d84-45201f2aae74,e258f6d4-4503-4dde-b25c-1fb9067061e2,Boeing 777-300ER,Swiss
359bc468-62d0-43a5-9084-b8b2fd451267,e258f6d4-4503-4dde-b25c-1fb9067061e2,Boeing 777-300ER,Air Canada
a8e1f6d4-fb79-4fc3-8e44-53a26b251e07,e258f6d4-4503-4dde-b25c-1fb9067061e2,Boeing 777-300ER,Air New Zealand - All Blacks
4b041937-0596-47f7-ba6e-664e6502478a,e258f6d4-4503-4dde-b25c-1fb9067061e2,Boeing 777-300ER,Air New Zealand
39d0ea03-5bf5-4ab0-8651-37bfe1e07205,e258f6d4-4503-4dde-b25c-1fb9067061e2,Boeing 777-300ER,American Airlines
ca7f2263-9931-432a-a7db-bedb40f5ca30,e258f6d4-4503-4dde-b25c-1fb9067061e2,Boeing 777-300ER,Aeroflot
e8b31d95-5717-4935-a353-576484bffeb0,e258f6d4-4503-4dde-b25c-1fb9067061e2,Boeing 777-300ER,Cathay Pacific
7ea21653-200a-4b3d-b1e3-c986cca14929,e258f6d4-4503-4dde-b25c-1fb9067061e2,Boeing 777-300ER,Emirates
d28b6cd4-3fa5-4fd4-9eed-011a76b44ceb,e258f6d4-4503-4dde-b25c-1fb9067061e2,Boeing 777-300ER,Etihad
4f2bebb1-1fd8-444e-bf44-b42b88546a98,e258f6d4-4503-4dde-b25c-1fb9067061e2,Boeing 777-300ER,Garuda Indonesia
d08b0e6e-6bdd-4257-bf4d-9dd5c8f4f7b7,e258f6d4-4503-4dde-b25c-1fb9067061e2,Boeing 777-300ER,Qatar Airways
7bb22fe9-58e3-41e0-8e4e-9b7068e6ac3e,e258f6d4-4503-4dde-b25c-1fb9067061e2,Boeing 777-300ER,Singapore
6a32dbf4-a163-4b60-b872-1652c9d05fa7,e258f6d4-4503-4dde-b25c-1fb9067061e2,Boeing 777-300ER,Generic
df8af3a1-36d8-4833-b110-0d7b71e195cb,e258f6d4-4503-4dde-b25c-1fb9067061e2,Boeing 777-300ER,Virgin Australia
c03797bf-658c-4683-a7a1-e8dcaafaa536,e258f6d4-4503-4dde-b25c-1fb9067061e2,Boeing 777-300ER,British Airways
f923cd30-8685-4d6e-8c53-549e651ac2fd,e258f6d4-4503-4dde-b25c-1fb9067061e2,Boeing 777-300ER,KLM - Orange Pride
4ddfdfe0-4777-47f7-bcde-65d8d39cfe7b,61084cae-8aac-4da4-a7df-396ec6d9c870,Boeing 787-10,ANA
e58cd012-3e91-4f51-87ed-d2523584b16a,61084cae-8aac-4da4-a7df-396ec6d9c870,Boeing 787-10,Air France
94652613-16a5-4285-ab2e-700714c09cf5,61084cae-8aac-4da4-a7df-396ec6d9c870,Boeing 787-10,Boeing
3ad0777a-2a57-4346-9e56-8f428c6ae893,61084cae-8aac-4da4-a7df-396ec6d9c870,Boeing 787-10,British Airways
3c79b737-832a-4932-b7e7-7cfaa6169772,61084cae-8aac-4da4-a7df-396ec6d9c870,Boeing 787-10,El Al Airlines
635a3906-b726-4625-a020-9eb578c6713b,61084cae-8aac-4da4-a7df-396ec6d9c870,Boeing 787-10,EVA
f100eb35-a2c2-48a5-8e67-822edaf88355,61084cae-8aac-4da4-a7df-396ec6d9c870,Boeing 787-10,Etihad Airways
b6974a9a-dba3-40b6-b3cc-0f987416ec1e,61084cae-8aac-4da4-a7df-396ec6d9c870,Boeing 787-10,Generic
655dd8b9-c633-4e93-b55d-f52cbb827939,61084cae-8aac-4da4-a7df-396ec6d9c870,Boeing 787-10,KLM
3a4884a2-f89f-4b94-b74b-d113a5353367,61084cae-8aac-4da4-a7df-396ec6d9c870,Boeing 787-10,Singapore Airlines
a67495ce-5e3d-4b5c-bb53-bcda21d1e61d,61084cae-8aac-4da4-a7df-396ec6d9c870,Boeing 787-10,United Airlines
fe1a992f-16ef-4dac-b100-c838e710f489,c1ae3647-f56a-4dc4-9007-cc8b1a2697a5,Boeing 787-8,Generic
e920e3ae-59a7-41d3-ad83-cbe53267efce,c1ae3647-f56a-4dc4-9007-cc8b1a2697a5,Boeing 787-8,Aeromexico
126d80f1-5f27-4fbd-ab07-2fa9f4ddd23c,c1ae3647-f56a-4dc4-9007-cc8b1a2697a5,Boeing 787-8,Air Austral
e992fb45-c10b-4908-8a6f-cb1b3bb56806,c1ae3647-f56a-4dc4-9007-cc8b1a2697a5,Boeing 787-8,Air India
a6b6dfb8-1a54-45d3-8a9a-ea336e49add0,c1ae3647-f56a-4dc4-9007-cc8b1a2697a5,Boeing 787-8,Avianca
3d7f402d-8272-47b1-9c16-f012b4e0db50,c1ae3647-f56a-4dc4-9007-cc8b1a2697a5,Boeing 787-8,Azerbaijan Airlines
536c7412-1341-46b7-a1ac-d479ef24bf63,c1ae3647-f56a-4dc4-9007-cc8b1a2697a5,Boeing 787-8,Boeing House
c955ea58-3084-465c-a72e-f8dae47a445b,c1ae3647-f56a-4dc4-9007-cc8b1a2697a5,Boeing 787-8,China Southern
6b9a33bb-a8d8-491b-af79-e1b6fbdad079,c1ae3647-f56a-4dc4-9007-cc8b1a2697a5,Boeing 787-8,Delta Air Lines
eca9dc2f-b1db-4010-8cae-a5b7741c1bd2,c1ae3647-f56a-4dc4-9007-cc8b1a2697a5,Boeing 787-8,Ethiopian
f3b11463-634f-43c0-867b-39bc991376c6,c1ae3647-f56a-4dc4-9007-cc8b1a2697a5,Boeing 787-8,JetStar
95e854f5-598e-48a3-a118-2105f76ebc97,c1ae3647-f56a-4dc4-9007-cc8b1a2697a5,Boeing 787-8,LOT Polish Airlines
39295c5c-eb18-4bae-acbc-27f3d708c67e,c1ae3647-f56a-4dc4-9007-cc8b1a2697a5,Boeing 787-8,Oman Air
a3e4e9cd-3a91-4558-ad19-91dd5e3f8e79,c1ae3647-f56a-4dc4-9007-cc8b1a2697a5,Boeing 787-8,Qatar Airways
7d08852a-46a0-4393-80ab-cdca668e91ac,c1ae3647-f56a-4dc4-9007-cc8b1a2697a5,Boeing 787-8,Royal Air Maroc
a352c5e2-e02a-480f-b01b-96f67ea7c261,c1ae3647-f56a-4dc4-9007-cc8b1a2697a5,Boeing 787-8,Royal Jordanian
c3f53407-a8c2-4c04-9969-a604dd57e543,c1ae3647-f56a-4dc4-9007-cc8b1a2697a5,Boeing 787-8,TUI
6b3344a7-15a0-4af7-831e-50ee50fbcb41,c1ae3647-f56a-4dc4-9007-cc8b1a2697a5,Boeing 787-8,Xiamen Air
eade910a-5e64-4551-a734-0521e0fc5ed3,c1ae3647-f56a-4dc4-9007-cc8b1a2697a5,Boeing 787-8,Kenya Airways
ab1d4246-5e8b-46d4-8911-1ca7e9ac1c33,c1ae3647-f56a-4dc4-9007-cc8b1a2697a5,Boeing 787-8,Infinite Flight - 2016
cd494c39-5ca5-459a-b894-b375f6eabe9f,c1ae3647-f56a-4dc4-9007-cc8b1a2697a5,Boeing 787-8,Thai Airways
03b2e31d-2be0-4b96-9058-0e7c920de722,0c039044-1a57-48db-99c1-7570a6bf2b00,Boeing 787-9,Air Canada
8874908d-e03a-4f39-aedd-2792103dd1f7,0c039044-1a57-48db-99c1-7570a6bf2b00,Boeing 787-9,Air China
f4c8c41b-0e39-4c56-a984-c630f99a2a96,0c039044-1a57-48db-99c1-7570a6bf2b00,Boeing 787-9,Air Europa
821016ad-cbeb-44c7-9a56-823732c71498,0c039044-1a57-48db-99c1-7570a6bf2b00,Boeing 787-9,Air New Zealand
27d9aebc-a139-4671-9e0f-a8407abe8387,0c039044-1a57-48db-99c1-7570a6bf2b00,Boeing 787-9,Air Tahiti Nui
382430d1-7485-41ca-b732-9fa8595ea054,0c039044-1a57-48db-99c1-7570a6bf2b00,Boeing 787-9,American Airlines
29c954e2-b2c8-4784-85b9-5f8f8d4d215d,0c039044-1a57-48db-99c1-7570a6bf2b00,Boeing 787-9,British Airways
20658961-d100-4a31-9660-ac65d95b7225,0c039044-1a57-48db-99c1-7570a6bf2b00,Boeing 787-9,Generic
13230bd7-1f77-4005-a1f2-f0e65e5f7551,0c039044-1a57-48db-99c1-7570a6bf2b00,Boeing 787-9,Japan Airlines
ca30b4a7-10fc-4a23-a00e-e56862db9975,0c039044-1a57-48db-99c1-7570a6bf2b00,Boeing 787-9,KLM
82f96a77-e15e-410e-8fa8-7de5c9120abf,0c039044-1a57-48db-99c1-7570a6bf2b00,Boeing 787-9,LATAM
9f441fd1-471a-4c10-a335-c41de3e4cca0,0c039044-1a57-48db-99c1-7570a6bf2b00,Boeing 787-9,Norwegian Air Shuttle
8887a4aa-4043-4c29-a9a8-2d4269d5daf2,0c039044-1a57-48db-99c1-7570a6bf2b00,Boeing 787-9,Qantas
dad996b6-3660-484d-934c-a932fc8fcf34,0c039044-1a57-48db-99c1-7570a6bf2b00,Boeing 787-9,Saudia
9318aaee-cc1d-43c2-9acb-bebb247de74f,0c039044-1a57-48db-99c1-7570a6bf2b00,Boeing 787-9,Scoot
47707e19-632d-4ff4-be8a-488e60f00012,0c039044-1a57-48db-99c1-7570a6bf2b00,Boeing 787-9,TUI
e4441cbb-58df-4b4b-b9ef-81a2037d657d,0c039044-1a57-48db-99c1-7570a6bf2b00,Boeing 787-9,United Airlines
18857934-9d28-4479-91b2-6b5befc632a9,0c039044-1a57-48db-99c1-7570a6bf2b00,Boeing 787-9,Vietnam Airlines
9d4be727-5538-403a-a520-abd4a8cc0cfa,0c039044-1a57-48db-99c1-7570a6bf2b00,Boeing 787-9,Virgin Atlantic Airways
d9d45dc3-c639-4d00-97aa-ad3726602129,2b1249c8-11d8-4fa6-9aae-a99eff451225,C-17,Generic
efc62084-4078-4e64-878a-ea276dae2b61,e94ec915-3368-4bcc-bc78-2c5ad3cfbabb,Boeing 747-AF1,Air Force One
ec160f7e-1b3e-4f5f-b471-09e6fd01be35,24364e52-3788-487f-9f98-00f38b1f459c,CRJ-200,Generic
284be6de-0020-453e-a08b-bb8f8d7f5ae1,24364e52-3788-487f-9f98-00f38b1f459c,CRJ-200,Air Canada Express
c995fa38-1c38-444b-a45d-af1eccef99bd,24364e52-3788-487f-9f98-00f38b1f459c,CRJ-200,American Eagle
4f17ca20-2ff5-415b-bba0-e5b6d844d78f,24364e52-3788-487f-9f98-00f38b1f459c,CRJ-200,Aruba Airlines
552a0644-67ab-4265-b731-d6582205cbb2,24364e52-3788-487f-9f98-00f38b1f459c,CRJ-200,Belavia Belarusian Airlines
37e662c3-4750-4a66-b510-5e3bb136ac54,24364e52-3788-487f-9f98-00f38b1f459c,CRJ-200,Delta Air Lines
617d4033-1628-41c5-b451-ae9bc1c8c0b6,24364e52-3788-487f-9f98-00f38b1f459c,CRJ-200,J-Air
902a8ed7-564e-414a-bad8-2ea847279c5c,24364e52-3788-487f-9f98-00f38b1f459c,CRJ-200,Kendell Airlines
7c720bad-6a9d-4480-9353-c488d202508d,24364e52-3788-487f-9f98-00f38b1f459c,CRJ-200,MexicanaLink
310e269e-1d37-42b2-9bf5-ab3224445d23,24364e52-3788-487f-9f98-00f38b1f459c,CRJ-200,Northwest Airlines
11c67791-d66a-48a4-ad5a-48dac60936e0,24364e52-3788-487f-9f98-00f38b1f459c,CRJ-200,South African Express
92fb0822-f2f9-480d-a94b-c071a686a441,24364e52-3788-487f-9f98-00f38b1f459c,CRJ-200,United Express - Old
b23e7ac2-9cda-44bc-a73a-5bb761693250,24364e52-3788-487f-9f98-00f38b1f459c,CRJ-200,UTair Aviation
f6eca7cc-75c6-462a-bb2f-2be5efb94859,24364e52-3788-487f-9f98-00f38b1f459c,CRJ-200,Infinite Flight - 2018
bc18746a-80d4-47fe-b6d2-087bddd88e54,8f34680a-a4ad-4f21-91e9-3a932ab03ca4,CRJ-700,Generic
5fdecc98-313b-4b6e-a383-8e6fdfda6062,8f34680a-a4ad-4f21-91e9-3a932ab03ca4,CRJ-700,Adria Airways
97b096a5-2d27-48eb-92b2-7151346c311b,8f34680a-a4ad-4f21-91e9-3a932ab03ca4,CRJ-700,Alaska Airlines
19dafc50-f0f3-45fa-b065-914f9590d238,8f34680a-a4ad-4f21-91e9-3a932ab03ca4,CRJ-700,American Eagle
e372da9a-a9a4-4d58-9f0c-1d1119263744,8f34680a-a4ad-4f21-91e9-3a932ab03ca4,CRJ-700,British Airways
c041b986-73ca-4a7f-9b51-dab38e119353,8f34680a-a4ad-4f21-91e9-3a932ab03ca4,CRJ-700,Delta Air Lines
9f901e23-3700-4482-9e6c-b7f79e2389ba,8f34680a-a4ad-4f21-91e9-3a932ab03ca4,CRJ-700,Frontier
11c3bf04-2450-4993-a68f-847a39be5817,8f34680a-a4ad-4f21-91e9-3a932ab03ca4,CRJ-700,HOP!
5df51346-e0d3-4619-abdc-d3da6c120344,8f34680a-a4ad-4f21-91e9-3a932ab03ca4,CRJ-700,Nordica
185bab75-c400-477b-b159-e5be2bf82021,8f34680a-a4ad-4f21-91e9-3a932ab03ca4,CRJ-700,Shandong Airlines
c0eee75c-a903-4d24-a5be-a0c3f6f60d56,8f34680a-a4ad-4f21-91e9-3a932ab03ca4,CRJ-700,South African Express
47be6bc0-9b26-42da-8278-954cb5c7d417,8f34680a-a4ad-4f21-91e9-3a932ab03ca4,CRJ-700,United Express
fdb3210e-a3cb-4af6-881b-0f175c94df9d,8f34680a-a4ad-4f21-91e9-3a932ab03ca4,CRJ-700,Infinite Flight - 2018
d752a83a-af27-42bd-a211-a18905e9dae7,958486b0-1ef4-4efd-bee0-ea94e96f6c96,CRJ-900,Generic
5af2afed-51a9-45de-a442-709f949a5443,958486b0-1ef4-4efd-bee0-ea94e96f6c96,CRJ-900,Air Canada
e49176ae-7db4-4408-823b-9ec9b3eaf9a3,958486b0-1ef4-4efd-bee0-ea94e96f6c96,CRJ-900,AirOne
f7293d13-4584-458f-a2b9-1e7c81fa6ac6,958486b0-1ef4-4efd-bee0-ea94e96f6c96,CRJ-900,American Eagle
abb24657-2cc5-4ee4-9940-4d13e1e74c88,958486b0-1ef4-4efd-bee0-ea94e96f6c96,CRJ-900,Bombardier
aeb402f7-15fe-4aec-bd0c-07b924b0ead3,958486b0-1ef4-4efd-bee0-ea94e96f6c96,CRJ-900,China Express Airlines
8aefff86-a91b-4e9f-be05-15e536c1df45,958486b0-1ef4-4efd-bee0-ea94e96f6c96,CRJ-900,Delta Air Lines
9c8a3c14-a2f3-437a-b57f-2dd0d383a1a6,958486b0-1ef4-4efd-bee0-ea94e96f6c96,CRJ-900,Eurowings
def436d9-3c0c-4e9e-8dd0-9087cd978dba,958486b0-1ef4-4efd-bee0-ea94e96f6c96,CRJ-900,Iraqi Airways
2fc6c907-911a-43c2-b354-d89d416cb3d5,958486b0-1ef4-4efd-bee0-ea94e96f6c96,CRJ-900,Lufthansa Cityline
23dee117-b1d8-4a1d-a297-da18f953bb49,958486b0-1ef4-4efd-bee0-ea94e96f6c96,CRJ-900,Northwest Airlines
2034e4ad-5daa-46eb-8b7e-6ea188663b9a,958486b0-1ef4-4efd-bee0-ea94e96f6c96,CRJ-900,SAS
26d9d19e-d3a2-4862-b4e9-9a15a98ff974,958486b0-1ef4-4efd-bee0-ea94e96f6c96,CRJ-900,Tunisair Express
426eda40-e825-4d9e-90f4-1a61b54a0c7f,958486b0-1ef4-4efd-bee0-ea94e96f6c96,CRJ-900,Lufthansa - 2018
ed0fa637-f03f-4597-8a1f-4d8cc4ed3695,b3907f6b-c8cf-427b-94fb-1f9365d990df,CRJ-1000,Generic
c6e68c78-a85e-4021-8d1a-ae4deba3f833,b3907f6b-c8cf-427b-94fb-1f9365d990df,CRJ-1000,Air France - Brit Air
e45ce5f2-4f91-4a2d-b080-5e68ce478243,b3907f6b-c8cf-427b-94fb-1f9365d990df,CRJ-1000,Arik Air
aba52ae4-f8c9-471f-a769-5761cb0a3c5c,b3907f6b-c8cf-427b-94fb-1f9365d990df,CRJ-1000,Binter Canarias
16dd37e0-3537-4f75-bf4e-2ccad1cb9689,b3907f6b-c8cf-427b-94fb-1f9365d990df,CRJ-1000,Bombardier
d30edce8-fd38-4cec-8833-5603c1868a22,b3907f6b-c8cf-427b-94fb-1f9365d990df,CRJ-1000,Garuda Indonesia
44cec8ed-2847-4fa2-8746-bd7203c6afde,b3907f6b-c8cf-427b-94fb-1f9365d990df,CRJ-1000,HOP!
02a367a4-9d58-4017-b737-7a4bb4b2dcb2,b3907f6b-c8cf-427b-94fb-1f9365d990df,CRJ-1000,Iberia - New Air Nostrum
fd46cfe4-1095-4cce-a17e-06439079b7bf,b3907f6b-c8cf-427b-94fb-1f9365d990df,CRJ-1000,Iberia - Retro Air Nostrum
829fdf86-13a8-43a4-b7a5-69028280c6d0,b3907f6b-c8cf-427b-94fb-1f9365d990df,CRJ-1000,MyAir
80287e95-d114-4dc0-8d6c-71ce36e0c618,b3907f6b-c8cf-427b-94fb-1f9365d990df,CRJ-1000,Garuda Indonesia - Skyteam
46f372d8-514a-4c27-bde8-f47621e1ec8c,3098345e-1152-4441-96ec-40a71179a24f,Bombardier Dash 8-Q400,Generic
3915fc88-b204-434e-91c4-f8fe33839be7,3098345e-1152-4441-96ec-40a71179a24f,Bombardier Dash 8-Q400,Yakutia Airlines
b6f317f2-798f-4c44-b0e1-06f9040b6ea8,3098345e-1152-4441-96ec-40a71179a24f,Bombardier Dash 8-Q400,Island Air
bfa777c3-f67f-479a-a84e-be735ee57239,3098345e-1152-4441-96ec-40a71179a24f,Bombardier Dash 8-Q400,Air Baltic
9df86614-4e61-4fd5-9d6a-be2d16cf6459,3098345e-1152-4441-96ec-40a71179a24f,Bombardier Dash 8-Q400,Air Berlin
b7606267-d23f-4c32-ac24-7682c80f89b8,3098345e-1152-4441-96ec-40a71179a24f,Bombardier Dash 8-Q400,Air Canada Jazz
ba0ccb32-2d36-440d-860a-8da77f2df134,3098345e-1152-4441-96ec-40a71179a24f,Bombardier Dash 8-Q400,ANA
6ef12bac-2400-4df7-bd7c-29bf0285e9a8,3098345e-1152-4441-96ec-40a71179a24f,Bombardier Dash 8-Q400,Austrian Airlines
975d54a0-cd56-4e91-acb5-77bcf879749b,3098345e-1152-4441-96ec-40a71179a24f,Bombardier Dash 8-Q400,Croatia Airlines
baac6199-7b86-479a-87ce-786f529b37a0,3098345e-1152-4441-96ec-40a71179a24f,Bombardier Dash 8-Q400,Ethiopian
b6928ea6-c366-468e-b96f-027ef4ee4001,3098345e-1152-4441-96ec-40a71179a24f,Bombardier Dash 8-Q400,Flybe
5f3c7446-ab70-4c26-b4ad-291e2090d50a,3098345e-1152-4441-96ec-40a71179a24f,Bombardier Dash 8-Q400,Horizon Air
9c581eb5-8f03-4bbc-8c15-55533d43ad0d,3098345e-1152-4441-96ec-40a71179a24f,Bombardier Dash 8-Q400,PAL Express
f4cf673d-406c-44d3-b5f6-d0e6e876616f,3098345e-1152-4441-96ec-40a71179a24f,Bombardier Dash 8-Q400,QantasLink
c2770ccd-90c2-47ef-b004-f77afe222070,3098345e-1152-4441-96ec-40a71179a24f,Bombardier Dash 8-Q400,SpiceJet
43dde638-c20b-4ed4-b2a6-40ef1de9764a,3098345e-1152-4441-96ec-40a71179a24f,Bombardier Dash 8-Q400,Tassili Algeria
860411bc-b75a-4c2e-8582-839b0069e9e6,3098345e-1152-4441-96ec-40a71179a24f,Bombardier Dash 8-Q400,WestJet Encore
c5892f6c-cb8a-45e3-a088-718921dda8d6,3098345e-1152-4441-96ec-40a71179a24f,Bombardier Dash 8-Q400,Infinite Flight - 2015
7bd10b7f-601c-439b-804d-4ddfbb9ffe5a,3098345e-1152-4441-96ec-40a71179a24f,Bombardier Dash 8-Q400,Lufthansa Regional
6531a74a-17f0-468f-b2d0-a08272afd9c6,3098345e-1152-4441-96ec-40a71179a24f,Bombardier Dash 8-Q400,United Express
a660a58d-f9ef-45f9-afb6-b3bd65b37889,3098345e-1152-4441-96ec-40a71179a24f,Bombardier Dash 8-Q400,Bombardier
5cfb4c00-c2c5-4e5d-8509-fa9eb3ba0144,3098345e-1152-4441-96ec-40a71179a24f,Bombardier Dash 8-Q400,Luxair
bac6ef32-6fd7-4afe-815d-c62328a7804a,3098345e-1152-4441-96ec-40a71179a24f,Bombardier Dash 8-Q400,Porter Airlines
9c34beeb-586a-41f0-9ee8-af60e45b6a11,3098345e-1152-4441-96ec-40a71179a24f,Bombardier Dash 8-Q400,SA Express
698f5afc-e046-4ca5-af19-9c05f3eeb834,3098345e-1152-4441-96ec-40a71179a24f,Bombardier Dash 8-Q400,Malev
3ea65429-db58-4a36-af24-735ef1cdd4f9,3098345e-1152-4441-96ec-40a71179a24f,Bombardier Dash 8-Q400,Wideroe
9cb884d0-1fde-434c-a1e9-53ab4c0640e0,3098345e-1152-4441-96ec-40a71179a24f,Bombardier Dash 8-Q400,Securite Civile
cfa39265-cde2-4706-876a-d8dd576f11f3,206884f9-38a8-4118-a920-a7dcbd166c47,Cessna 208,Generic
468774db-7484-4c20-bfc4-b30e28073ac3,206884f9-38a8-4118-a920-a7dcbd166c47,Cessna 208,Air Caraibes
772dcc25-62b1-4f32-a086-f577e0e70fab,206884f9-38a8-4118-a920-a7dcbd166c47,Cessna 208,Fly540
3a6fb8b9-fb8b-4cb8-beba-c2a28bbaa615,206884f9-38a8-4118-a920-a7dcbd166c47,Cessna 208,Gum Air
50bbbaf3-8247-4217-ad28-95c69debb50e,206884f9-38a8-4118-a920-a7dcbd166c47,Cessna 208,Kenmore Air
5c961e3c-ed37-45b5-88f2-bb6180385a07,206884f9-38a8-4118-a920-a7dcbd166c47,Cessna 208,Private 1
63a5684b-8668-4748-9698-f4576c8468c8,206884f9-38a8-4118-a920-a7dcbd166c47,Cessna 208,Private 2
684c6d09-9006-42bb-bc04-4bffa2cfc245,206884f9-38a8-4118-a920-a7dcbd166c47,Cessna 208,Sounds Air
ccfa0e83-9504-41b9-9ef8-9aa96f97d564,206884f9-38a8-4118-a920-a7dcbd166c47,Cessna 208,Westwind
4a67e1c7-7e1d-4f48-ba6b-24e30d3331a7,206884f9-38a8-4118-a920-a7dcbd166c47,Cessna 208,Zan Air
4f391a71-92f2-49d8-b4f7-23e9a5547bd9,206884f9-38a8-4118-a920-a7dcbd166c47,Cessna 208,Colombia Army
bade9e53-390e-42f1-a9ff-d6479eb47ff8,206884f9-38a8-4118-a920-a7dcbd166c47,Cessna 208,Iraqi Army
0a3b5b5a-e646-42c0-9c9b-540d94715a58,206884f9-38a8-4118-a920-a7dcbd166c47,Cessna 208,Fedex
544b1ff6-b7b5-4d0f-b2e7-b658df520a20,206884f9-38a8-4118-a920-a7dcbd166c47,Cessna 208,DHL
68620987-8ec1-438b-b049-1595a4dc0ff5,206884f9-38a8-4118-a920-a7dcbd166c47,Cessna 208,Two Taxi Aereo
99913d02-8d0c-4f64-a2af-553315da9ebd,206884f9-38a8-4118-a920-a7dcbd166c47,Cessna 208,Airnet Systems
617c006e-c8ee-4faa-884f-bce08da51aad,206884f9-38a8-4118-a920-a7dcbd166c47,Cessna 208,Castle Aviation
a0af6b69-0cec-405c-9fd6-15ec74886ebd,206884f9-38a8-4118-a920-a7dcbd166c47,Cessna 208,Mario's Air
443899f2-951a-4f80-b01a-c9c1713fe1de,206884f9-38a8-4118-a920-a7dcbd166c47,Cessna 208,Martinaire
825f4565-b4b4-4b82-ae32-6018d39e11d6,206884f9-38a8-4118-a920-a7dcbd166c47,Cessna 208,Med Airlines
84b947cc-5427-4464-b837-2ec70ebea453,206884f9-38a8-4118-a920-a7dcbd166c47,Cessna 208,Skylink Express
25e31904-a622-41b1-857a-4a1046cefcde,e92bc6db-a9e6-4137-a93c-a7423715b799,Cirrus SR22 GTS,Generic
331c6fc3-3cca-4d3a-8764-ab3b37b688fe,e92bc6db-a9e6-4137-a93c-a7423715b799,Cirrus SR22 GTS,Private
176626af-4edf-4644-b653-6c52e8c759be,e92bc6db-a9e6-4137-a93c-a7423715b799,Cirrus SR22 GTS,Gray and White
fa5be4ac-fd44-4aac-8130-3b989a36e875,e92bc6db-a9e6-4137-a93c-a7423715b799,Cirrus SR22 GTS,Red and White
debddb41-f3ac-4d73-8419-de887cb355d1,e92bc6db-a9e6-4137-a93c-a7423715b799,Cirrus SR22 GTS,Brown and White
490646cd-ae2b-4771-8086-507785d0f640,af055734-aaed-44ad-a2d0-5b9046f29d0d,ERJ-175,Air Canada
f4614fc0-0128-4a6e-8226-d5f53f74f456,af055734-aaed-44ad-a2d0-5b9046f29d0d,ERJ-175,Generic
97b1b5ef-0db9-4bca-9bb5-5970ebbb83b1,7de22dcf-91dd-4932-b225-533298873df2,ERJ-190,JetBlue
609a665a-1d0e-4e3e-9af8-19042591d2f7,7de22dcf-91dd-4932-b225-533298873df2,ERJ-190,KLM Cityhopper
de1b1017-29bc-47c4-9a01-d904737ddeea,7de22dcf-91dd-4932-b225-533298873df2,ERJ-190,Generic
5e9c9c43-e0bd-4a2c-8b2e-1bf37275c864,81d9ccd4-9c03-493a-811e-8fad3e57bd05,A-10,175th Wing Warfield ANG
5100dbb8-2e8f-439e-99d9-3682176334ff,81d9ccd4-9c03-493a-811e-8fad3e57bd05,A-10,188th Wing Fort Smith ANG
6a620115-6a36-480c-a006-30f7ecb2c35a,81d9ccd4-9c03-493a-811e-8fad3e57bd05,A-10,25th FS Osan AB
e68b5101-a8e1-43da-9792-5481faa4a3f9,81d9ccd4-9c03-493a-811e-8fad3e57bd05,A-10,303rd FS Whiteman AFB
ef8b0325-c962-4ec9-b5fd-5d4f2f234e01,81d9ccd4-9c03-493a-811e-8fad3e57bd05,A-10,343rd Wing Eielson AFB
9f91e172-7f1e-4105-8cdf-69cca25667f9,81d9ccd4-9c03-493a-811e-8fad3e57bd05,A-10,354th FS Davis-Mothan AFB
92745d61-6b14-4246-83be-7959be2a29ff,81d9ccd4-9c03-493a-811e-8fad3e57bd05,A-10,66th WS Nellis AFB
a0ac5c37-54b0-416c-a022-9894f219cf22,81d9ccd4-9c03-493a-811e-8fad3e57bd05,A-10,75th FS Moody AFB
5fd0dae5-b179-415d-82da-6cab3fde8a11,81d9ccd4-9c03-493a-811e-8fad3e57bd05,A-10,Arctic Camo
45b2b723-4f9c-47c6-9353-96275c78dce3,7bd8096f-8eae-47b9-8e1a-38dabd2c59c4,F-16,Generic
54691c60-87ea-4ac2-a19b-521fd33479a1,9bbe741a-6fbe-415b-9eb1-00d45083c7a4,F-14,Tanks / Armament
0d7a8893-0f22-48f0-ba21-1b4186a03ad5,9bbe741a-6fbe-415b-9eb1-00d45083c7a4,F-14,Armament
56b68986-7a53-434b-b400-c3868f6e9191,9bbe741a-6fbe-415b-9eb1-00d45083c7a4,F-14,Tanks
2777a92a-f9f5-42cb-a137-29d92b254bb4,9bbe741a-6fbe-415b-9eb1-00d45083c7a4,F-14,Default
3fa84232-6e91-49a5-a2ee-47fa5cdc9497,876b428a-3ee2-46cd-9d8c-2c59424dfcb5,AC-130,AC-130
72f18800-97b8-4152-b0da-6af614cccd72,7b6e1658-42ab-4fc3-81ec-706445346d46,C-130H,Blue Angels Fat Albert
06681547-4722-4c53-bdcf-41f485aeeaa5,7b6e1658-42ab-4fc3-81ec-706445346d46,C-130H,Royal Netherland Air Force
7340eb5f-ea27-470b-b532-441f5cf11036,7b6e1658-42ab-4fc3-81ec-706445346d46,C-130H,US Navy
0346d847-8a71-4ef1-98f7-9b2fdea473df,7b6e1658-42ab-4fc3-81ec-706445346d46,C-130H,Egypt Air Force
05d1c28e-3da9-4d62-a3dd-90da1e612149,7b6e1658-42ab-4fc3-81ec-706445346d46,C-130H,Belgian Air Component
596303af-645e-45e3-b505-63967258cb51,33d26fc7-ae7d-4c5d-9e0d-d6cba93d4913,C-130J,RAF
8aec783c-c71d-4313-b9c9-e0ce2dcc8c9f,33d26fc7-ae7d-4c5d-9e0d-d6cba93d4913,C-130J,USAF - Moody AFB
a0d40992-596f-4e62-932e-2de7fad2eb54,33d26fc7-ae7d-4c5d-9e0d-d6cba93d4913,C-130J,USCG
13abd66e-f77e-4d2a-89d1-dfdcc2ec020b,33d26fc7-ae7d-4c5d-9e0d-d6cba93d4913,C-130J,RAF - 50 Years Anniversary
85a3a6d5-47df-495f-95fd-9c2d7078e0b8,33d26fc7-ae7d-4c5d-9e0d-d6cba93d4913,C-130J,USAF - Hurricane Hunter
4f87bfdb-5ca7-4242-a1c6-21d712b16d3f,e0e1900e-0e63-4700-b508-5e2efe120ce5,C-130J-30,Indian Air Force
60e5784c-3c9e-4fe1-9d39-668f974b102e,e0e1900e-0e63-4700-b508-5e2efe120ce5,C-130J-30,Royal Air Force of Oman
5c3c6a2f-9b5a-4273-9dfb-e4d33d75a8c5,e0e1900e-0e63-4700-b508-5e2efe120ce5,C-130J-30,USAF Little Rock AFB
baa565de-9424-40e7-9ad0-73b07dcdaea1,e0e1900e-0e63-4700-b508-5e2efe120ce5,C-130J-30,Royal Danish Air Force
082f5a75-f188-41f9-bf84-329a143ce7a5,e0e1900e-0e63-4700-b508-5e2efe120ce5,C-130J-30,Royal Canadian Air Force
a071518d-995a-4b3c-b65b-656da0d6ed86,849366e1-cb11-4d72-9034-78b11cd026b0,F-22,Generic
b2beefc9-315c-4193-a5aa-d05c5cb99eab,9769c825-0f89-4faf-abb1-9dd473321ede,P-38,Miss Virginia
33458643-bc06-4423-ba37-5cbee16a1b6b,693c3fab-307d-4467-aa40-0a4d569841a9,DC-10,Air France
407757d7-5a8b-4dd8-859a-f51e9801c87a,693c3fab-307d-4467-aa40-0a4d569841a9,DC-10,Air New Zealand
d8935bb9-8b90-4f2f-9ffc-ac38747c0f5b,693c3fab-307d-4467-aa40-0a4d569841a9,DC-10,Avensa
d042d444-bfb1-4878-95e1-13067dc5a62c,693c3fab-307d-4467-aa40-0a4d569841a9,DC-10,British Airways
c23815db-d9c5-4059-99de-e663803eea06,693c3fab-307d-4467-aa40-0a4d569841a9,DC-10,Canadian Airlines International
3663e3bf-7286-46e2-b869-4b1e1f2c99db,693c3fab-307d-4467-aa40-0a4d569841a9,DC-10,Condor
95770e58-769a-4b07-b382-abb3efde5da3,693c3fab-307d-4467-aa40-0a4d569841a9,DC-10,Continental Airlines
4f781f83-cc1f-45fc-958d-5fae07e72b64,693c3fab-307d-4467-aa40-0a4d569841a9,DC-10,Generic
a5745af6-ea0e-402f-80c5-fac35783420c,693c3fab-307d-4467-aa40-0a4d569841a9,DC-10,Monarch Airlines
3b711c68-280a-469a-98a2-54595192aca4,693c3fab-307d-4467-aa40-0a4d569841a9,DC-10,Northwest Airlines
4261d0b6-a0a5-4a09-b583-e8cc3b605a2e,693c3fab-307d-4467-aa40-0a4d569841a9,DC-10,Pakistan International Airlines
d8f3fd4f-1766-4980-bda2-c4608ac7e93d,693c3fab-307d-4467-aa40-0a4d569841a9,DC-10,Singapore Airlines
870ec5dd-1152-4d99-a398-8578ee4af99d,693c3fab-307d-4467-aa40-0a4d569841a9,DC-10,National Airlines
cf637540-e775-40b8-a2d0-28807ab75583,693c3fab-307d-4467-aa40-0a4d569841a9,DC-10,Omni Air International
e5e45b80-5496-43a6-aeda-8ded9bee3286,e59fa7b4-b708-4480-aebd-26659a4f312b,DC-10F,Generic
a1cc0a72-39a9-488a-80e1-ca3c6460673d,e59fa7b4-b708-4480-aebd-26659a4f312b,DC-10F,10 Air Tanker Carrier
d8ed15e3-522d-44c8-9324-42d93961d726,e59fa7b4-b708-4480-aebd-26659a4f312b,DC-10F,KC-10 Extender USAF
9508c65e-2992-4759-b382-3c0e75c24923,e59fa7b4-b708-4480-aebd-26659a4f312b,DC-10F,KDC-10 Royal Netherlands Air Force
c245a1e6-2619-4b05-b200-7f5c27cad98c,e59fa7b4-b708-4480-aebd-26659a4f312b,DC-10F,Arrow Air
8adca00c-46c6-45af-85a0-dc5dadb2de03,e59fa7b4-b708-4480-aebd-26659a4f312b,DC-10F,Avient
2c9e7c94-ecc5-48f7-a2c1-c5e31b1dffc9,e59fa7b4-b708-4480-aebd-26659a4f312b,DC-10F,DAS Air Cargo
e281cd76-dff2-4ca9-8e54-93539a727650,e59fa7b4-b708-4480-aebd-26659a4f312b,DC-10F,Emery Worldwide
4f62a437-cc2e-4a97-901f-9c12a2c1ad17,e59fa7b4-b708-4480-aebd-26659a4f312b,DC-10F,Fedex
1d22a74a-9085-4de6-a844-f9989cdb0bb1,e59fa7b4-b708-4480-aebd-26659a4f312b,DC-10F,Gemini Air Cargo
d4ede23f-6ac0-4d18-bd1d-37c1871c3791,e59fa7b4-b708-4480-aebd-26659a4f312b,DC-10F,Kelowna Flightcraft Air Charter
0e93fcc8-f9e6-46e8-8189-7eb899cc591b,e59fa7b4-b708-4480-aebd-26659a4f312b,DC-10F,Solar Cargo
47445efa-42da-4779-b01e-7608628d5ba3,0a3edb21-d515-4619-8392-aef51b952ac9,F/A-18E Super Hornet,Blue Angels 1
d46f09cf-dc10-4eeb-a7c9-f6d0d9248e4e,b1e726b0-be58-4a9b-88e5-e40bc40a1f9a,MD-11,Generic
2b831377-5c3e-4854-818b-00aa9b15cde1,b1e726b0-be58-4a9b-88e5-e40bc40a1f9a,MD-11,Alitalia
9dadabe8-4cc5-4943-aff8-93150e1f8e1e,b1e726b0-be58-4a9b-88e5-e40bc40a1f9a,MD-11,American Airlines
7935b030-3496-4e43-bcc1-711332cef69d,b1e726b0-be58-4a9b-88e5-e40bc40a1f9a,MD-11,China Airlines
967d052e-0380-4bed-83ac-21103af4b288,b1e726b0-be58-4a9b-88e5-e40bc40a1f9a,MD-11,Delta Air Lines
5be48866-b118-4970-ab90-7cc37a2d31d6,b1e726b0-be58-4a9b-88e5-e40bc40a1f9a,MD-11,Garuda Indonesia
26f624fc-c688-4f65-9a0c-48e54c2edc33,b1e726b0-be58-4a9b-88e5-e40bc40a1f9a,MD-11,Japan Airlines
f33661b4-4917-4712-adc7-170df885d592,b1e726b0-be58-4a9b-88e5-e40bc40a1f9a,MD-11,KLM
035e5536-708b-4949-bb57-afce2a17f067,b1e726b0-be58-4a9b-88e5-e40bc40a1f9a,MD-11,Malaysia Airlines
7ceb8d50-446a-4159-b54c-305348caad60,b1e726b0-be58-4a9b-88e5-e40bc40a1f9a,MD-11,Swiss
68ec63be-5e72-4a22-a0a2-c06fde412b81,b1e726b0-be58-4a9b-88e5-e40bc40a1f9a,MD-11,Thai International Airways
c097f219-f054-4b56-939e-44182ec3f1a6,b1e726b0-be58-4a9b-88e5-e40bc40a1f9a,MD-11,Infinite Flight - Retro
a31b32c7-3c5e-4085-9451-9f5c1765caf1,b1e726b0-be58-4a9b-88e5-e40bc40a1f9a,MD-11,Philippine Airlines
622f9a71-f78f-4682-83b1-5471df2dba60,b1e726b0-be58-4a9b-88e5-e40bc40a1f9a,MD-11,Private
49d08a50-3179-422a-b33a-a7c91628de75,3f78766a-30c8-4d65-95ae-ebc2fb758aac,MD-11F,Generic
bc979e7b-957e-4f75-bed8-cb7334671693,3f78766a-30c8-4d65-95ae-ebc2fb758aac,MD-11F,Aeroflot Cargo
291750c3-82fd-4406-99a2-3b01572e762f,3f78766a-30c8-4d65-95ae-ebc2fb758aac,MD-11F,Centurion Air Cargo
256df05e-c0b8-41b2-81a5-ed27c72f450b,3f78766a-30c8-4d65-95ae-ebc2fb758aac,MD-11F,Ethiopian Airlines
f7a85def-8298-45dc-a954-d0b9d4043cd8,3f78766a-30c8-4d65-95ae-ebc2fb758aac,MD-11F,Fedex
7bbe5ebf-e369-4d8f-81f5-d9931e82ca7a,3f78766a-30c8-4d65-95ae-ebc2fb758aac,MD-11F,Lufthansa Cargo
eeda026b-d60e-4930-9aba-fcd8b754dd3d,3f78766a-30c8-4d65-95ae-ebc2fb758aac,MD-11F,Martinair Cargo
5f025448-0483-4d74-b5de-91f5054e4e01,3f78766a-30c8-4d65-95ae-ebc2fb758aac,MD-11F,Saudia
541c7f4c-e0ab-4ad8-81a7-45c3127a2194,3f78766a-30c8-4d65-95ae-ebc2fb758aac,MD-11F,UPS
b6c4c11d-5e82-4ddc-a925-17a2e63d6964,3f78766a-30c8-4d65-95ae-ebc2fb758aac,MD-11F,VARIG LOG
74f624d7-e1f6-477a-8d85-1d099a5108ca,3f78766a-30c8-4d65-95ae-ebc2fb758aac,MD-11F,World Airways
8088ca94-db0c-45a7-87a9-6e6f24a4fc87,8a62f1d0-bca9-494c-bc01-1fb8b7255f76,Spitfire,Generic
a1769862-5a14-46ae-ac44-1431dcfa7383,3f17ca35-b384-4391-aa5e-5beececb0612,TBM-930,Generic
690035fd-6fdf-4ede-91a1-d4b4289880de,3f17ca35-b384-4391-aa5e-5beececb0612,TBM-930,Maroon
3e382c54-0cdb-4715-a7ff-4c0c527f7830,3f17ca35-b384-4391-aa5e-5beececb0612,TBM-930,Navy Blue
4599f1a5-6e3c-477c-a21e-95c8d0d8e1e8,3f17ca35-b384-4391-aa5e-5beececb0612,TBM-930,Black, Red & White
8aa8f0e5-2788-4724-95f7-b4b07830a4b3,3f17ca35-b384-4391-aa5e-5beececb0612,TBM-930,Charcoal
71efea3d-aa06-4da8-92be-8a526fee53cd,3f17ca35-b384-4391-aa5e-5beececb0612,TBM-930,Sea Blue
096a3753-d371-4d64-9a74-b124d1253090,3f17ca35-b384-4391-aa5e-5beececb0612,TBM-930,Red Stripe
ea8a80ba-74d7-448e-9096-e356a924e49e,3f17ca35-b384-4391-aa5e-5beececb0612,TBM-930,French Air Force
50a4c42c-faf5-41fc-a3c4-2291620997de,3f17ca35-b384-4391-aa5e-5beececb0612,TBM-930,Infinite Flight - Dark
e8363f2e-2a8a-47c6-be47-ff18ce0511bc,3f17ca35-b384-4391-aa5e-5beececb0612,TBM-930,Infinite Flight - Light
d4900f8c-44e5-40f6-b065-8e31dbed0dd1,3f17ca35-b384-4391-aa5e-5beececb0612,TBM-930,White, Red and Black
e41c8c2a-233e-494b-a44b-7adc9c91b6b3,ef677903-f8d3-414f-a190-233b2b855d46,Cessna 172,Default
36cb4e61-1e6b-4baf-943d-9719ee3fd5e0,e258f6d4-4503-4dde-b25c-1fb9067061e2,Boeing 777-300ER,TAM
800301a6-9aad-4e93-b8db-850e97b04f19,6af2c9f8-abd8-4872-a9bc-4e79fd84fe77,Airbus A330-300,Singapore Airlines
398ad663-c07e-4fa6-922a-c934e00ccad0,6af2c9f8-abd8-4872-a9bc-4e79fd84fe77,Airbus A330-300,Thai International Airways
a924a737-057a-4f67-8ace-049913727e29,6af2c9f8-abd8-4872-a9bc-4e79fd84fe77,Airbus A330-300,Srilankan Airlines
3c0c4e63-5053-45e3-b0d9-4e2007b6a34e,6af2c9f8-abd8-4872-a9bc-4e79fd84fe77,Airbus A330-300,South African Airways
6ff435b2-55ca-438b-8d2d-a53862af1653,8bafde46-7e6e-44c5-800f-917237c49d75,CubCrafters XCub,Red and White
4a813d77-1417-4531-a7a0-55e57c53538d,8bafde46-7e6e-44c5-800f-917237c49d75,CubCrafters XCub,Yellow and Gray
8be2fb24-d2b3-43d4-9e38-567a64b3a7f0,8bafde46-7e6e-44c5-800f-917237c49d75,CubCrafters XCub,Black and Gray
a9d7f44e-d97a-4871-b77c-1d2688d45628,8bafde46-7e6e-44c5-800f-917237c49d75,CubCrafters XCub,Launch Edition N500XC
a591a34c-2c1e-455a-aabc-e0fe15f3bcda,8bafde46-7e6e-44c5-800f-917237c49d75,CubCrafters XCub,Yellow
bf697df7-9206-49ff-8b91-1a5659e5832c,8bafde46-7e6e-44c5-800f-917237c49d75,CubCrafters XCub,EAA 50th
026ebd2f-8104-443a-83f8-7ba4e740ac69,8bafde46-7e6e-44c5-800f-917237c49d75,CubCrafters XCub,Orange and Gray
6595d875-006f-45d9-a447-39278729cc2a,c82da702-ea61-4399-921c-34f35f3ca5c4,Boeing 747-200,EAA 50th
c63c3cb2-bf2a-440a-b8bc-f59878fe4cf7,ef677903-f8d3-414f-a190-233b2b855d46,Cessna 172,F-HATZ
dbd7a7f5-1332-4e27-b9dc-53eecba3433d,ef677903-f8d3-414f-a190-233b2b855d46,Cessna 172,N456DX
41344fdc-071a-42df-9022-810edf96585d,ef677903-f8d3-414f-a190-233b2b855d46,Cessna 172,N1322K
f930593f-8be0-40df-917d-6dbff6150026,ef677903-f8d3-414f-a190-233b2b855d46,Cessna 172,YellowBlue
35c0fa30-57be-435e-b2c5-9a423289fd67,ef677903-f8d3-414f-a190-233b2b855d46,Cessna 172,Embry Riddle
9c825fcb-31b2-45a8-a371-901fe15dcd5e,ef677903-f8d3-414f-a190-233b2b855d46,Cessna 172,Civil Air Patrol
dabfb7f4-6fd2-4d25-87d0-d98e7944eadf,ef677903-f8d3-414f-a190-233b2b855d46,Cessna 172,Near North Aviation
c1c50f20-1475-4df3-81f9-ab224b807701,a266b67f-03e3-4f8c-a2bb-b57cfd4b12f3,Airbus A320,Aegean Airlines
818dfcf1-a4af-489c-902c-d8fd9f720e22,a266b67f-03e3-4f8c-a2bb-b57cfd4b12f3,Airbus A320,Aer Lingus 2019
f9474e48-f651-4d39-ab5e-4806339afd5c,a266b67f-03e3-4f8c-a2bb-b57cfd4b12f3,Airbus A320,Avianca
29947d52-a32a-4675-b04d-878fa2ac5476,a266b67f-03e3-4f8c-a2bb-b57cfd4b12f3,Airbus A320,Azul
1c2ec274-9666-4bb8-a5b0-d5e32bfa3e89,a266b67f-03e3-4f8c-a2bb-b57cfd4b12f3,Airbus A320,VivaAerobus
e82466c3-a7cb-4ab4-86cf-71d7463b535f,a266b67f-03e3-4f8c-a2bb-b57cfd4b12f3,Airbus A320,Lufthansa 2018
c8cd650a-c96b-40ba-a8d5-6fa28a4fd1cc,a266b67f-03e3-4f8c-a2bb-b57cfd4b12f3,Airbus A320,Eurowings
4b2c2c5f-7046-4dbe-942f-3d4f25042761,230ec095-5e36-4637-ba2f-68831b31e891,Airbus A350,Aer Lingus
ba2355e0-3a26-4c47-8c88-82599dc61a0f,230ec095-5e36-4637-ba2f-68831b31e891,Airbus A350,Aeroflot
463445eb-9099-4926-a048-63fc60f19f37,230ec095-5e36-4637-ba2f-68831b31e891,Airbus A350,Afriqiyah Airways
4064efa8-f4ac-4a74-a95b-824f3d1ca21c,230ec095-5e36-4637-ba2f-68831b31e891,Airbus A350,Air Caraibes
6fc46282-290a-49a0-89e1-8db16162d714,230ec095-5e36-4637-ba2f-68831b31e891,Airbus A350,Air France
d09a1283-b2ff-4cd2-92f4-1d54c2a46c1b,230ec095-5e36-4637-ba2f-68831b31e891,Airbus A350,Air Mauritius
f334063e-5103-4b3b-bd15-b1b2fdb220fd,230ec095-5e36-4637-ba2f-68831b31e891,Airbus A350,Airbus Factory Carbon
2b6f911a-5838-4a1a-85ae-910ca5c811da,230ec095-5e36-4637-ba2f-68831b31e891,Airbus A350,Asiana Airlines
dcf7a0fe-88a3-485b-ada8-23b171deed89,230ec095-5e36-4637-ba2f-68831b31e891,Airbus A350,Cathay Pacific
74e4c235-9e91-4ffb-8cab-212028b1527a,230ec095-5e36-4637-ba2f-68831b31e891,Airbus A350,China Airlines
1bb4cf21-83c1-4d51-b07e-d7dd84ec554d,230ec095-5e36-4637-ba2f-68831b31e891,Airbus A350,China Eastern Airlines
8ee511ab-7111-48e0-bd15-ca166f43be59,230ec095-5e36-4637-ba2f-68831b31e891,Airbus A350,Delta Air Lines
07bed37a-f2c3-4114-a9e3-77acecfd8a74,230ec095-5e36-4637-ba2f-68831b31e891,Airbus A350,Emirates
fcff5483-76a2-48ed-85be-c7380989a2b7,230ec095-5e36-4637-ba2f-68831b31e891,Airbus A350,Ethiopian Airlines
faff671e-6271-47e3-8fd6-ab4662ede45f,230ec095-5e36-4637-ba2f-68831b31e891,Airbus A350,Evelop Airlines
f6fed126-2bba-4f38-ad9c-d1f25b419b18,230ec095-5e36-4637-ba2f-68831b31e891,Airbus A350,Finnair
934197fc-ace9-40cf-9ccd-9a1bc70a186b,230ec095-5e36-4637-ba2f-68831b31e891,Airbus A350,FrenchBee
cc175a38-a63d-4fb1-8b4a-7e2d0e8b9376,230ec095-5e36-4637-ba2f-68831b31e891,Airbus A350,Generic
149db242-93be-441b-b2c4-d541bc710aff,230ec095-5e36-4637-ba2f-68831b31e891,Airbus A350,Iberia
62aeef34-df3e-4e08-bff3-66f0e91de6ee,230ec095-5e36-4637-ba2f-68831b31e891,Airbus A350,Infinite Flight - 2019
615c53c2-b039-419e-b253-8c8eb55cb61b,230ec095-5e36-4637-ba2f-68831b31e891,Airbus A350,Japan Airlines
63c3a9f2-1cd7-4c04-b8c6-ef5518cdc8b5,230ec095-5e36-4637-ba2f-68831b31e891,Airbus A350,KLM
f8db8f7b-35ef-4d6a-9248-2bc5e5008d49,230ec095-5e36-4637-ba2f-68831b31e891,Airbus A350,LATAM
ed37bd77-c5bb-46d8-a201-39a4783c6f31,230ec095-5e36-4637-ba2f-68831b31e891,Airbus A350,Lufthansa
a88138fe-0e33-41f8-b1e6-ca39c4b000af,230ec095-5e36-4637-ba2f-68831b31e891,Airbus A350,Malaysia Airlines
dd569189-63b6-4809-bcaf-0e97f5d99629,230ec095-5e36-4637-ba2f-68831b31e891,Airbus A350,Philippine Airlines
2417ef4b-f78a-4dae-898e-101f7297027b,230ec095-5e36-4637-ba2f-68831b31e891,Airbus A350,Qatar Airways
06e691b7-c7a4-423f-ade6-546c81f5ecfe,230ec095-5e36-4637-ba2f-68831b31e891,Airbus A350,SAS
020a573f-4d0d-47bc-ad0e-b21d08d0a81e,230ec095-5e36-4637-ba2f-68831b31e891,Airbus A350,Singapore Airlines
98d8a712-8783-4846-9205-ccc5b7e3b2b5,230ec095-5e36-4637-ba2f-68831b31e891,Airbus A350,TAM Airlines
0d76f6ef-2485-4830-8d6d-36e82996fb5b,230ec095-5e36-4637-ba2f-68831b31e891,Airbus A350,Thai Airways
a780fede-54ac-44ef-beda-a5cc18b849a3,230ec095-5e36-4637-ba2f-68831b31e891,Airbus A350,Turkish Airlines
8ef054d5-5f21-4eb9-af53-93f4bd7772aa,230ec095-5e36-4637-ba2f-68831b31e891,Airbus A350,United Airlines
22b582bc-a352-4be5-aac2-a82ba088a6a9,230ec095-5e36-4637-ba2f-68831b31e891,Airbus A350,Vietnam Airlines
9c9f2445-778c-45c1-9f4f-626bdf02d8b4,bec63a00-a483-4427-a076-0f76dba0ee97,Boeing 777-200ER,Nordwind Airlines
462d706a-fa0c-45cf-b94e-68a4d94dd805,bec63a00-a483-4427-a076-0f76dba0ee97,Boeing 777-200ER,Ukraine International Airlines
7f1760d2-9223-4261-b73e-d48b9bad61ce,bec63a00-a483-4427-a076-0f76dba0ee97,Boeing 777-200ER,Austrian Airlines
233594d9-2f49-490a-b3de-3db4ab97b1d5,bec63a00-a483-4427-a076-0f76dba0ee97,Boeing 777-200ER,American Airlines - 1968
d0d20cd8-de39-461d-8cea-7d599921cd77,bec63a00-a483-4427-a076-0f76dba0ee97,Boeing 777-200ER,Taag Angola Airlines
99cb6665-fc96-4b91-8570-052747c7676e,bec63a00-a483-4427-a076-0f76dba0ee97,Boeing 777-200ER,Varig
4b791971-49ce-4e11-ae5d-90f09ffd3993,f60a537d-5f83-4b68-8f66-b5f76d1e1775,Boeing 737-800,Kenya Airways
69d733a0-e290-4cf6-adba-f919d547f86e,f60a537d-5f83-4b68-8f66-b5f76d1e1775,Boeing 737-800,United Airlines 2019
38fd7fe0-9ec3-4fda-94e8-f1d94cf2d01d,e258f6d4-4503-4dde-b25c-1fb9067061e2,Boeing 777-300ER,Air India
fb704ebc-d34d-448c-b996-5d1df46a9246,e258f6d4-4503-4dde-b25c-1fb9067061e2,Boeing 777-300ER,Kuwait Airways
93761aaf-9406-41f1-9b0c-ffe8f4bee6cf,e258f6d4-4503-4dde-b25c-1fb9067061e2,Boeing 777-300ER,Saudia
e315d4b3-5372-47cf-ab87-2ab8b64bcc49,6925c030-a868-49cc-adc8-7025537c51ca,Boeing 777F,Ethiopian Cargo
ac668682-27f3-46fa-86e6-7e6bdd873db2,6925c030-a868-49cc-adc8-7025537c51ca,Boeing 777F,Eva Air Cargo
59829b14-a875-423b-91ee-f7392b2a74c5,6925c030-a868-49cc-adc8-7025537c51ca,Boeing 777F,Saudia Cargo
41808dcd-40e8-409b-9800-ca5e8c90489d,6925c030-a868-49cc-adc8-7025537c51ca,Boeing 777F,Turkish Cargo
62f7f6bf-13f5-4bbe-84bf-6867ff53fd7b,6925c030-a868-49cc-adc8-7025537c51ca,Boeing 777F,ANA Cargo
78860e9f-6031-4eed-8936-df7d9afb238e,6925c030-a868-49cc-adc8-7025537c51ca,Boeing 777F,DHL
3f65a6dc-ff73-43ad-b9c5-a97d7aef09e1,e258f6d4-4503-4dde-b25c-1fb9067061e2,Boeing 777-300ER,Eva Air
fe7f0ccd-c180-42b4-923f-79c5818cd733,e258f6d4-4503-4dde-b25c-1fb9067061e2,Boeing 777-300ER,United Airlines
17a5b48d-e44c-42d0-be6b-c218e3d6f8c6,8290107b-d728-4fc3-b36e-0224c1780bac,Boeing 777-200LR,Crystal Luxury Air
9c442e9f-251c-43bf-bb69-e91e2ee38197,8290107b-d728-4fc3-b36e-0224c1780bac,Boeing 777-200LR,Boeing
7b3ce3f5-54fe-4f93-ae87-9a5a0812e5f7,8290107b-d728-4fc3-b36e-0224c1780bac,Boeing 777-200LR,Iraqi Airways
1d7f7721-6932-46a7-abdc-b74816da4ab0,e258f6d4-4503-4dde-b25c-1fb9067061e2,Boeing 777-300ER,EgyptAir
26592268-bb37-420b-b8d1-2133ab1f532f,ed29f26b-774e-471e-a23a-ecb9b6f5da74,Boeing 757-200,La Compagnie
70aa3738-0574-4b6e-82e9-7470f4928e91,ed29f26b-774e-471e-a23a-ecb9b6f5da74,Boeing 757-200,Jet2
405435a1-78f6-4cc7-972a-5589db10dd52,ed29f26b-774e-471e-a23a-ecb9b6f5da74,Boeing 757-200,Cabo Verde
17696187-4581-48b9-a6b3-403c60c70df1,ed29f26b-774e-471e-a23a-ecb9b6f5da74,Boeing 757-200,Air Baltic
c7d0b5ec-1b46-4977-9e59-b4fd6847ae69,ed29f26b-774e-471e-a23a-ecb9b6f5da74,Boeing 757-200,Aer Lingus
8cf83fb5-82f6-4480-8f50-535d785aaf2f,ed29f26b-774e-471e-a23a-ecb9b6f5da74,Boeing 757-200,Ghana International Airlines
e5011a5a-ed03-4083-9be5-cd63aba09950,ed29f26b-774e-471e-a23a-ecb9b6f5da74,Boeing 757-200,China Southern
b24f9920-3d37-4939-9dbe-65a127269e18,ed29f26b-774e-471e-a23a-ecb9b6f5da74,Boeing 757-200,Uzbekistan Airways
f0b6bfd7-aa5e-4e41-a78d-09492ff40e04,ed29f26b-774e-471e-a23a-ecb9b6f5da74,Boeing 757-200,Air Astana
8e83417a-f960-4300-8b85-c281bcf31b43,ed29f26b-774e-471e-a23a-ecb9b6f5da74,Boeing 757-200,America West
586ff541-fd63-4d98-a89f-4b0cd755fb51,ed29f26b-774e-471e-a23a-ecb9b6f5da74,Boeing 757-200,LAPA
ee7f99a8-abda-4231-a6be-9ff769c62099,ed29f26b-774e-471e-a23a-ecb9b6f5da74,Boeing 757-200,Royal Nepal Airlines
a1ca5743-5046-4186-bf70-7564961dcf8d,ed29f26b-774e-471e-a23a-ecb9b6f5da74,Boeing 757-200,EC Air
672f8652-df76-4f90-afc0-6cc6ad205bac,ed29f26b-774e-471e-a23a-ecb9b6f5da74,Boeing 757-200,TUI
3a5665a6-3b2c-4d8f-917d-9fd9877ceebb,ed29f26b-774e-471e-a23a-ecb9b6f5da74,Boeing 757-200,Guyana Airways
820a1d16-2c30-4b4b-bbeb-5fc71a1aed77,ed29f26b-774e-471e-a23a-ecb9b6f5da74,Boeing 757-200,Air China
53b62c25-9f69-4f7a-a4f7-df6c8563d67f,ed29f26b-774e-471e-a23a-ecb9b6f5da74,Boeing 757-200,United Airlines
7de4c9b1-647f-4c7e-94b8-badcbe152397,ed29f26b-774e-471e-a23a-ecb9b6f5da74,Boeing 757-200,Ladeco
c969ebc6-3def-4fa2-9d1b-3efabdaca639,ed29f26b-774e-471e-a23a-ecb9b6f5da74,Boeing 757-200,Infinite Flight
f833709f-35a5-471a-b9a0-cd7d6c0b299e,ed29f26b-774e-471e-a23a-ecb9b6f5da74,Boeing 757-200,Sunday Airlines
a7035c52-aa8e-4200-854e-6823be72e3fa,ed29f26b-774e-471e-a23a-ecb9b6f5da74,Boeing 757-200,American Airlines - 1968
b0e04dee-d743-441b-93d2-78ed694cc4cc,ed29f26b-774e-471e-a23a-ecb9b6f5da74,Boeing 757-200,US Airways
f48b27f6-9093-413f-a4ed-dca681750130,ed29f26b-774e-471e-a23a-ecb9b6f5da74,Boeing 757-200,Finnair
5dca5ae5-7ba2-48f4-adee-f6450b7e38fb,ed29f26b-774e-471e-a23a-ecb9b6f5da74,Boeing 757-200,Aeromexico
8bcc6ce1-2fec-4fe5-8411-f0540a676e78,ed29f26b-774e-471e-a23a-ecb9b6f5da74,Boeing 757-200,DutchBird
6d929f07-b853-4555-b584-9ff88bf809a3,a266b67f-03e3-4f8c-a2bb-b57cfd4b12f3,Airbus A320,EasyJet 2015
a6e5e0bf-2f0f-49ac-8076-5843d1ea68e7,a266b67f-03e3-4f8c-a2bb-b57cfd4b12f3,Airbus A320,Delta Air Lines
dcdcfedc-8c9d-408b-9f5d-2f0632eeb2c8,a266b67f-03e3-4f8c-a2bb-b57cfd4b12f3,Airbus A320,JetSMART
4b334193-8890-4df0-b91c-a4357f81fd3a,a266b67f-03e3-4f8c-a2bb-b57cfd4b12f3,Airbus A320,Sky Airlines
7458968e-86a2-4fc8-98c2-f8438204e08b,0c039044-1a57-48db-99c1-7570a6bf2b00,Boeing 787-9,Turkish Airlines
e7c74edf-b171-4966-b8f1-1e4743a0755f,0c039044-1a57-48db-99c1-7570a6bf2b00,Boeing 787-9,WestJet
2a4b808e-7794-47db-aa87-b85c448006b1,e258f6d4-4503-4dde-b25c-1fb9067061e2,Boeing 777-300ER,ANA
01c94477-768e-47db-8adc-fb4e0b2d3d52,e258f6d4-4503-4dde-b25c-1fb9067061e2,Boeing 777-300ER,LATAM
4271e71d-25e7-43d8-a6e7-79c2c3359bdd,a266b67f-03e3-4f8c-a2bb-b57cfd4b12f3,Airbus A320,Air India
1b8bef4d-85d4-45f8-8a79-16b359fcebfa,a266b67f-03e3-4f8c-a2bb-b57cfd4b12f3,Airbus A320,Air Zimbabwe
b56f0f54-f530-4ad0-91b9-cd86917b766e,230ec095-5e36-4637-ba2f-68831b31e891,Airbus A350,Infinite Flight - 10 Year Anniversary
60519b47-7340-48f1-b5d9-d4b99021a6c2,ef677903-f8d3-414f-a190-233b2b855d46,Cessna 172,Infinite Flight - 10 Year Anniversary
9394adec-917a-45b0-8166-622a2bac4f86,6af2c9f8-abd8-4872-a9bc-4e79fd84fe77,Airbus A330-300,KLM
1de367d5-10b9-46f4-8b72-e80a6256123b,6af2c9f8-abd8-4872-a9bc-4e79fd84fe77,Airbus A330-300,Aer Lingus
92daac17-191e-4527-b55b-3417334f2a57,6af2c9f8-abd8-4872-a9bc-4e79fd84fe77,Airbus A330-300,Qantas
b36252a6-8a58-4c10-9fb6-472c86128309,6af2c9f8-abd8-4872-a9bc-4e79fd84fe77,Airbus A330-300,Turkish Airlines
4863822c-164f-4ecb-bcd2-dcab9d4e9f9c,6af2c9f8-abd8-4872-a9bc-4e79fd84fe77,Airbus A330-300,China Southern
27873a61-24e1-4795-a0c7-a0d0fc206b3b,6af2c9f8-abd8-4872-a9bc-4e79fd84fe77,Airbus A330-300,Virgin Atlantic
1ec997e8-4121-44ab-b184-2f1a126ca29b,6af2c9f8-abd8-4872-a9bc-4e79fd84fe77,Airbus A330-300,Brussels Airlines
ded14d7e-7c62-41d8-ae97-a0835cad3b46,6af2c9f8-abd8-4872-a9bc-4e79fd84fe77,Airbus A330-300,Jet Airways
d696adfd-accc-4f19-a1ca-3c28a22b25c6,6af2c9f8-abd8-4872-a9bc-4e79fd84fe77,Airbus A330-300,Air China
a5193e82-046d-42bc-835d-06cdac3e1425,6af2c9f8-abd8-4872-a9bc-4e79fd84fe77,Airbus A330-300,Cebu Pacific
e49f9d84-a13d-4282-86e3-0e64010f6d18,6af2c9f8-abd8-4872-a9bc-4e79fd84fe77,Airbus A330-300,Hainan Airlines
15513d15-e5d1-43f3-b1d8-71c6412c0ea5,6af2c9f8-abd8-4872-a9bc-4e79fd84fe77,Airbus A330-300,Iberia
86485f45-20f5-47d9-8ddc-ae2cdab697b7,6af2c9f8-abd8-4872-a9bc-4e79fd84fe77,Airbus A330-300,Oman Air
49af4dcb-12df-4be3-a56f-41675e3aabd1,6af2c9f8-abd8-4872-a9bc-4e79fd84fe77,Airbus A330-300,RwandAir
69cae48f-0a20-4512-bcfb-e44e5d6dfdd6,6af2c9f8-abd8-4872-a9bc-4e79fd84fe77,Airbus A330-300,Avianca
15accd92-3525-4d20-b629-75b79cffece5,6af2c9f8-abd8-4872-a9bc-4e79fd84fe77,Airbus A330-300,Air Transat
d40eb3f8-4073-43b1-9a38-428828877660,6af2c9f8-abd8-4872-a9bc-4e79fd84fe77,Airbus A330-300,Edelweiss Air
5fa22d06-1d44-46e4-b797-6c254b23cbfc,474810ee-503c-44f2-a305-c176ec8cc431,Airbus A330-900,TAP
c4007cc5-ef7d-4cab-af93-6be9fd15be1a,474810ee-503c-44f2-a305-c176ec8cc431,Airbus A330-900,Air Mauritius
8b31b81c-7981-4ab8-b2bc-ca1f3d59456b,474810ee-503c-44f2-a305-c176ec8cc431,Airbus A330-900,AirAsiaX
dc8b3359-5170-4844-8043-274b27447164,474810ee-503c-44f2-a305-c176ec8cc431,Airbus A330-900,Aircalin
1716cc02-1ce5-4dc1-abfa-f8f7d59d00f2,474810ee-503c-44f2-a305-c176ec8cc431,Airbus A330-900,Air Senegal
8944ff81-f687-4d33-8717-b7252d2ab280,474810ee-503c-44f2-a305-c176ec8cc431,Airbus A330-900,Azul
da07b892-b293-4c4b-9389-ceefcc828582,474810ee-503c-44f2-a305-c176ec8cc431,Airbus A330-900,Citilink
88867199-7daa-4ad3-9f1a-1db6b341befd,474810ee-503c-44f2-a305-c176ec8cc431,Airbus A330-900,Corsair
786f529b-d290-47fe-9ab5-77c89c39eb6a,474810ee-503c-44f2-a305-c176ec8cc431,Airbus A330-900,Delta Airlines
8705124b-2ef5-47e8-ba09-83354ea2691a,474810ee-503c-44f2-a305-c176ec8cc431,Airbus A330-900,Garuda Indonesia
a9afe182-7961-4633-8439-2ce41ca2bbc1,474810ee-503c-44f2-a305-c176ec8cc431,Airbus A330-900,Generic
60b24fcb-b53b-4653-9841-c3d7efa94bd5,474810ee-503c-44f2-a305-c176ec8cc431,Airbus A330-900,HiFly
4a40dc28-fbca-44b5-aef7-9fc1f0846cca,474810ee-503c-44f2-a305-c176ec8cc431,Airbus A330-900,Iberojet
5c9e63ea-683e-4ea6-8169-3e75bb971063,474810ee-503c-44f2-a305-c176ec8cc431,Airbus A330-900,LionAir
2599748b-8045-4ab4-b00f-4ee663519e59,474810ee-503c-44f2-a305-c176ec8cc431,Airbus A330-900,Azul Rosa
2f5e614b-f825-43b9-9c75-b504e60f4776,474810ee-503c-44f2-a305-c176ec8cc431,Airbus A330-900,Airbus
75b5f368-67ce-4727-ab3a-309a38fe073c,474810ee-503c-44f2-a305-c176ec8cc431,Airbus A330-900,Air Belgium
364f19ad-f568-45f2-8f4e-50bf58889a58,e258f6d4-4503-4dde-b25c-1fb9067061e2,Boeing 777-300ER,Korean
701c826b-a160-4b1a-a89f-08d0afb4af1b,710c84ae-6fdc-4c4a-ac3b-4031c3036e98,Airbus A220-300,airBaltic
23cfd4c6-683e-4f85-8596-6afd98d8c26d,710c84ae-6fdc-4c4a-ac3b-4031c3036e98,Airbus A220-300,airBaltic (Special)
e300cabf-165d-48ea-8b5f-937f292ba7cf,710c84ae-6fdc-4c4a-ac3b-4031c3036e98,Airbus A220-300,Air Canada
1108c06f-4161-46e4-999e-6829debe0465,710c84ae-6fdc-4c4a-ac3b-4031c3036e98,Airbus A220-300,Air Austral
4654cca9-6eed-4252-8878-77b44374ffdd,710c84ae-6fdc-4c4a-ac3b-4031c3036e98,Airbus A220-300,Air Tanzania
81032922-203c-4667-afe3-f5ca7daf1ff6,710c84ae-6fdc-4c4a-ac3b-4031c3036e98,Airbus A220-300,EgyptAir Express
8b7518b9-34d6-4ec4-ba9a-5903e828df1b,710c84ae-6fdc-4c4a-ac3b-4031c3036e98,Airbus A220-300,EgyptAir
6f485346-3a7d-4f3d-80db-170a992476da,710c84ae-6fdc-4c4a-ac3b-4031c3036e98,Airbus A220-300,Breeze
ace463fa-5bea-4978-a847-3324efadf44b,710c84ae-6fdc-4c4a-ac3b-4031c3036e98,Airbus A220-300,Ibom Air
a55c7826-70f1-4917-b1a6-c247f85540a0,710c84ae-6fdc-4c4a-ac3b-4031c3036e98,Airbus A220-300,Air Canada Retro
cd8085a5-015b-433f-a623-6a59de2523ba,710c84ae-6fdc-4c4a-ac3b-4031c3036e98,Airbus A220-300,Air France
1acf552a-b9ee-4fbc-b27b-ff846f1ac367,710c84ae-6fdc-4c4a-ac3b-4031c3036e98,Airbus A220-300,Air Manas
49937d10-4723-4517-b6c3-e00b7809f191,710c84ae-6fdc-4c4a-ac3b-4031c3036e98,Airbus A220-300,Delta Air Lines
c04aef45-800a-4e54-91c7-84be3077891d,710c84ae-6fdc-4c4a-ac3b-4031c3036e98,Airbus A220-300,JetBlue
23ae25ef-0b05-459a-8934-f766edb5c5b2,710c84ae-6fdc-4c4a-ac3b-4031c3036e98,Airbus A220-300,Swiss
7048a556-ffb9-41b0-9016-d895d9733a29,710c84ae-6fdc-4c4a-ac3b-4031c3036e98,Airbus A220-300,Korean Air
1cfd2c9a-8671-4903-b76f-dd2b517ecdfe,710c84ae-6fdc-4c4a-ac3b-4031c3036e98,Airbus A220-300,Airbus
a602c22e-36b0-43db-912f-f7e3ea755938,710c84ae-6fdc-4c4a-ac3b-4031c3036e98,Airbus A220-300,Air Vanuatu
e30a7b45-4ed7-4768-b575-c8dabe1c1c2d,710c84ae-6fdc-4c4a-ac3b-4031c3036e98,Airbus A220-300,Bombardier
74a10c62-6e92-402b-a361-236cecc66201,710c84ae-6fdc-4c4a-ac3b-4031c3036e98,Airbus A220-300,Iraqi Airways
a821bc78-965c-4121-81d0-2d82bd6ebcd5,710c84ae-6fdc-4c4a-ac3b-4031c3036e98,Airbus A220-300,Generic
66b0444f-3649-485d-91d0-ee07e434188d,f60a537d-5f83-4b68-8f66-b5f76d1e1775,Boeing 737-800,Pegasus Airlines
6a026ab9-60fe-49d1-b38a-66cc3f71ae41,9759c19f-8f18-40f5-80d1-03a272f98a3b,Boeing 747-8,UPS
3f82d3d0-8c36-4a22-99a0-d1e4cad7ae6d,206884f9-38a8-4118-a920-a7dcbd166c47,Cessna 208,Mokulele
31d7210f-3646-49e0-b16f-658b5ea882cf,3098345e-1152-4441-96ec-40a71179a24f,Bombardier Dash 8-Q400,Congo Airways
b59c6ae9-803e-4d5b-afff-e4fec4a9cc6d,f60a537d-5f83-4b68-8f66-b5f76d1e1775,Boeing 737-800,Copa Airlines
ed794d8c-5e86-474b-9872-98ae174570eb,f60a537d-5f83-4b68-8f66-b5f76d1e1775,Boeing 737-800,Avelo
8a660633-ef3f-4336-bedf-99878eeb678b,a266b67f-03e3-4f8c-a2bb-b57cfd4b12f3,Airbus A320,JetBlue Shantay
28fb4508-9eca-4120-abe4-3c4f06f6e71c,a266b67f-03e3-4f8c-a2bb-b57cfd4b12f3,Airbus A320,Infinite Flight Pride 2022
d2081c69-4484-414f-b4b2-f0cf9b9cea81,0c039044-1a57-48db-99c1-7570a6bf2b00,Boeing 787-9,Aeromexico
fc630204-2fcb-44b3-b2f1-35d46b4b0342,0c039044-1a57-48db-99c1-7570a6bf2b00,Boeing 787-9,Vistara
f7f98bea-72e4-4d2b-a353-d34509fc0a15,a266b67f-03e3-4f8c-a2bb-b57cfd4b12f3,Airbus A320,Citilink
32becef6-0e00-4fdd-8e78-98996009ad53,d7434d84-555a-4d9b-93a7-53c77cf846ea,Airbus A321,LATAM
0ad359d7-2ad2-45d7-9d8e-d5a92b85e6e9,0a3edb21-d515-4619-8392-aef51b952ac9,F/A-18E Super Hornet,VX-9 Vampires
39802a47-d5d8-4309-9415-09db7510dbfe,0a3edb21-d515-4619-8392-aef51b952ac9,F/A-18E Super Hornet,Maverick
9437d2a2-74db-4339-bfbb-8d59e3c0bba4,0a3edb21-d515-4619-8392-aef51b952ac9,F/A-18E Super Hornet,VFA-87 Golden Warriors
16872e7c-4b38-4a47-bb99-236611f33d86,0a3edb21-d515-4619-8392-aef51b952ac9,F/A-18E Super Hornet,VFA-105 Gunslingers
8791d27f-6dff-4807-89bf-abd8f0010b0d,0a3edb21-d515-4619-8392-aef51b952ac9,F/A-18E Super Hornet,VFA-14 Tophatters
855f2ecd-a47a-4e5b-ae39-8a3d1cb0dcee,0a3edb21-d515-4619-8392-aef51b952ac9,F/A-18E Super Hornet,Generic Aggressor
16e94885-be4d-4552-b498-70440aac49a4,0a3edb21-d515-4619-8392-aef51b952ac9,F/A-18E Super Hornet,Infinite Flight
d808425b-781d-4429-83f8-b853fca8bb3e,0a3edb21-d515-4619-8392-aef51b952ac9,F/A-18E Super Hornet,Kuwait Air Force
10300091-1d1c-4b01-a46d-b768e1fb0697,0a3edb21-d515-4619-8392-aef51b952ac9,F/A-18E Super Hornet,VFA-81 Sharknado
843d91ac-3a50-4a3d-9f39-4a14d44edced,0a3edb21-d515-4619-8392-aef51b952ac9,F/A-18E Super Hornet,VFA-31 Tomcatters
68276689-d7a8-4fa5-bc4d-afb8d9a29d50,2c2f162e-a7d9-4ebd-baf4-859aed36165a,Airbus A319,Drukair
88e0405f-cb3b-461a-98ed-43217e3b3341,230ec095-5e36-4637-ba2f-68831b31e891,Airbus A350,Fiji Airways
85cc6e33-5e99-4bfe-8c80-a55cb5e70b3d,6af2c9f8-abd8-4872-a9bc-4e79fd84fe77,Airbus A330-300,Finnair
54d5dc1d-0ea4-438d-8e10-266d8ba6112f,a266b67f-03e3-4f8c-a2bb-b57cfd4b12f3,Airbus A320,Vistara
88cf7de1-a383-4491-9829-896ce8cde38d,6af2c9f8-abd8-4872-a9bc-4e79fd84fe77,Airbus A330-300,Saudia
1942d181-ec99-42c5-8088-878488375990,f60a537d-5f83-4b68-8f66-b5f76d1e1775,Boeing 737-800,Aeromexico
e26a3e35-d3dd-4122-86c3-7463aba82736,af055734-aaed-44ad-a2d0-5b9046f29d0d,ERJ-175,Alaska Airlines
5e2324fa-06e8-4640-ab54-f21189ad6bf4,af055734-aaed-44ad-a2d0-5b9046f29d0d,ERJ-175,Alitalia CityLiner
cec794d3-a24d-4a96-a5b8-3e080634f4f9,af055734-aaed-44ad-a2d0-5b9046f29d0d,ERJ-175,American Airlines
cf7b3072-ab06-41a1-9751-37eb5d6d6cd7,af055734-aaed-44ad-a2d0-5b9046f29d0d,ERJ-175,Belavia
f174a1de-cdac-43cc-9bfb-5266d143cbb2,af055734-aaed-44ad-a2d0-5b9046f29d0d,ERJ-175,Delta Air Lines
5036edd3-9343-4ef2-8666-917154a14c54,af055734-aaed-44ad-a2d0-5b9046f29d0d,ERJ-175,Flybe
5e4bda57-699f-4d39-a813-ca1427ede399,af055734-aaed-44ad-a2d0-5b9046f29d0d,ERJ-175,Fuji Dream Airlines
8386d7a8-541d-4d36-b602-97a03bfd3fd4,af055734-aaed-44ad-a2d0-5b9046f29d0d,ERJ-175,KLM Cityhopper
2cf4c153-672e-4b4c-b5d4-1612d8513cc4,af055734-aaed-44ad-a2d0-5b9046f29d0d,ERJ-175,LOT Polish Airlines
7cffa3fa-e3d2-4a71-abec-cf6e5609e035,af055734-aaed-44ad-a2d0-5b9046f29d0d,ERJ-175,Mauritania Airlines
3b5e8b82-afa5-4b6b-9921-99efd976a48b,af055734-aaed-44ad-a2d0-5b9046f29d0d,ERJ-175,Oman Air
99ab89bd-9d5e-420d-a79c-52e9916cbb34,af055734-aaed-44ad-a2d0-5b9046f29d0d,ERJ-175,Republic Airways
d24b26ff-b71d-4ddb-8c8e-e2f6ee7a8de4,af055734-aaed-44ad-a2d0-5b9046f29d0d,ERJ-175,Royal Jordanian
fccd0805-0c4d-4449-978d-78e776fca6a5,af055734-aaed-44ad-a2d0-5b9046f29d0d,ERJ-175,TRIP Linhas Aereas
cfa7fde0-b5c3-40a9-862d-cd7baf3e4fb0,af055734-aaed-44ad-a2d0-5b9046f29d0d,ERJ-175,United Airlines
5647af7a-e63f-4f73-a3cb-31d2a11744d2,0c039044-1a57-48db-99c1-7570a6bf2b00,Boeing 787-9,ANA
9f9486cc-916d-44b1-b3d6-9c0edea0546a,0c039044-1a57-48db-99c1-7570a6bf2b00,Boeing 787-9,Korean Air
a0e13ca8-3fc4-47c2-98c3-102c415475df,f60a537d-5f83-4b68-8f66-b5f76d1e1775,Boeing 737-800,Sun Country Airlines
19441ea3-ff40-43a2-940a-e571362ffac8,f60a537d-5f83-4b68-8f66-b5f76d1e1775,Boeing 737-800,REX Airlines
0a28f2a2-9150-4adf-ae70-3a28d4f760a9,a266b67f-03e3-4f8c-a2bb-b57cfd4b12f3,Airbus A320,Edelweiss
9b8737c3-ee29-43ad-8fa4-7c2fed73ebc6,a266b67f-03e3-4f8c-a2bb-b57cfd4b12f3,Airbus A320,ITA Transportes A√©reos
6f154dee-e31a-483f-be21-f0a6a07db835,2c2f162e-a7d9-4ebd-baf4-859aed36165a,Airbus A319,American Airlines
3d7f4b40-8018-4ef2-89f6-4acbcd3b741f,2c2f162e-a7d9-4ebd-baf4-859aed36165a,Airbus A319,Volotea Airlines
83ee83ab-c9e3-43a4-9654-b5f8537b8bc3,230ec095-5e36-4637-ba2f-68831b31e891,Airbus A350,China Southern Airlines
b664e712-a337-465b-a416-fe26a6f9a239,af055734-aaed-44ad-a2d0-5b9046f29d0d,ERJ-175,Private (Tulip)
9338a096-ed89-4cc8-8f3b-fab0d75684dd,af055734-aaed-44ad-a2d0-5b9046f29d0d,ERJ-175,Embraer
ea6d5be6-3c72-489e-800d-ca42bb873ace,7de22dcf-91dd-4932-b225-533298873df2,ERJ-190,Aerolineas Argentinas
3a50cc45-e794-4183-a14e-35ef52f51d73,7de22dcf-91dd-4932-b225-533298873df2,ERJ-190,Aeromexico
148b2e2e-418e-470a-8490-4b0eb89fa260,7de22dcf-91dd-4932-b225-533298873df2,ERJ-190,Air France Hop
97245881-152a-402c-bf8d-d3f43a4d42b9,7de22dcf-91dd-4932-b225-533298873df2,ERJ-190,Breeze Airways
92aac6fc-a0b8-4935-9430-832e516887f3,7de22dcf-91dd-4932-b225-533298873df2,ERJ-190,Bulgaria Air
11028c11-6bde-482a-8f85-de8a79f42c70,7de22dcf-91dd-4932-b225-533298873df2,ERJ-190,China Southern Airlines
dfdce65b-76a8-4eb5-9f4b-9c5757c4e757,7de22dcf-91dd-4932-b225-533298873df2,ERJ-190,TUI fly Belgium
3c1553f0-b8d6-44e4-98a0-fc0fa1441914,7de22dcf-91dd-4932-b225-533298873df2,ERJ-190,BA CityFlyer
699df33d-1eca-4986-984b-0482649ae58f,7de22dcf-91dd-4932-b225-533298873df2,ERJ-190,Airlink
eb2d82c0-cefd-4cc7-b708-2e3fd96f3611,7de22dcf-91dd-4932-b225-533298873df2,ERJ-190,GX Airlines
bcc9c92d-bb24-4965-857e-bd038fbad5ed,7de22dcf-91dd-4932-b225-533298873df2,ERJ-190,Tianjin Airlines
bda4852f-4547-4d37-8bd0-ca90a0ae782b,7de22dcf-91dd-4932-b225-533298873df2,ERJ-190,Finnair
ae39a8c3-e027-41b6-ad43-264a81baaea3,e258f6d4-4503-4dde-b25c-1fb9067061e2,Boeing 777-300ER,Air France (2019)
5c5bf7b3-4f96-4a26-8627-be2efbcc052c,0c039044-1a57-48db-99c1-7570a6bf2b00,Boeing 787-9,Gulf Air
6fce5ad8-b0c9-47ce-aaca-27d455917362,0c039044-1a57-48db-99c1-7570a6bf2b00,Boeing 787-9,Lufthansa
a69097cf-ccc5-428c-8b7c-4f0e06dc05e7,a266b67f-03e3-4f8c-a2bb-b57cfd4b12f3,Airbus A320,China Eastern Airlines
25ac5d6b-c1ba-4a1c-9430-3d32e178b083,7de22dcf-91dd-4932-b225-533298873df2,ERJ-190,Conviasa
6d67cc07-2994-41e5-89fb-e7203e202b7c,7de22dcf-91dd-4932-b225-533298873df2,ERJ-190,TAP Express
b63d0e81-f1fb-48e0-8a6c-d1015d492597,7de22dcf-91dd-4932-b225-533298873df2,ERJ-190,Amaszonas
dcf08a0b-72d0-4eff-aa8a-00ebf2ba16b5,7de22dcf-91dd-4932-b225-533298873df2,ERJ-190,Azul
020e31b8-9278-4fc9-ae10-590bf786de01,7de22dcf-91dd-4932-b225-533298873df2,ERJ-190,Copa Airlines
dc4c3c59-a176-4b3b-8ecd-69e5c5cdb444,7de22dcf-91dd-4932-b225-533298873df2,ERJ-190,Helvetic Airways
4624df01-d522-4890-803d-1e2f4664ce86,7de22dcf-91dd-4932-b225-533298873df2,ERJ-190,QantasLink
e212ce64-5e94-4aa1-b793-22f1f4cf184d,7de22dcf-91dd-4932-b225-533298873df2,ERJ-190,Lufthansa Regional
82df6753-deb9-4843-84da-7abd704fc35a,7de22dcf-91dd-4932-b225-533298873df2,ERJ-190,J-Air
35e8cafe-4ae1-4c32-aa69-57919ab243d8,7de22dcf-91dd-4932-b225-533298873df2,ERJ-190,JetBlue Blueprint
6cd007cc-8c78-4cbf-ae7d-75246e63689d,a266b67f-03e3-4f8c-a2bb-b57cfd4b12f3,Airbus A320,Aegean Airlines - 2020
7ef0021d-a927-4762-9885-629350ce717b,7de22dcf-91dd-4932-b225-533298873df2,ERJ-190,Buta Airways
6dae7b9a-aaa3-4fd3-ab2f-f8622a5f8dda,7de22dcf-91dd-4932-b225-533298873df2,ERJ-190,Kenya Airways
fffe0edb-0b43-4270-a1e1-473832ee874c,d7434d84-555a-4d9b-93a7-53c77cf846ea,Airbus A321,Condor
f1122b9b-f4a8-4543-b83f-7d7faef56a3c,206884f9-38a8-4118-a920-a7dcbd166c47,Cessna 208,Azul Conecta
18461c70-e315-4d1c-8122-33d45c89c3db,206884f9-38a8-4118-a920-a7dcbd166c47,Cessna 208,Trans Island Airways
e9107e81-6473-4b92-8a8d-b95b5aa782fb,2ec6f8cd-fdb9-464f-87c2-808f778fdb1d,Boeing 737-700,GOL - 2019
c3dc3e33-5220-4c9d-ae49-b74361aeedc3,f60a537d-5f83-4b68-8f66-b5f76d1e1775,Boeing 737-800,Swoop
02adb8c9-cfd2-4593-8a35-4b9f69567307,f60a537d-5f83-4b68-8f66-b5f76d1e1775,Boeing 737-800,Flair Airlines
f056d50e-942a-4423-b900-dce60b8e01e1,f60a537d-5f83-4b68-8f66-b5f76d1e1775,Boeing 737-800,All Nippon Airways
de6bfcb3-466c-4880-982b-fde152181c6f,e258f6d4-4503-4dde-b25c-1fb9067061e2,Boeing 777-300ER,Jet Airways
4ed9d53e-a879-4433-abc2-dd3ed5466617,e258f6d4-4503-4dde-b25c-1fb9067061e2,Boeing 777-300ER,Air China
86f1c04f-3cdc-453c-9e06-851e073481cd,0c039044-1a57-48db-99c1-7570a6bf2b00,Boeing 787-9,Juneyao Air
96ee81b8-d57a-4633-a3f2-9999e82608a8,f60a537d-5f83-4b68-8f66-b5f76d1e1775,Boeing 737-800,Air India Express
9e5c6f48-5fb5-4fc2-8a62-efef3eb58438,8e316ed6-9296-472a-93f8-4b6ab74b9121,Challenger 350,Generic
adf6e86e-b7bc-4736-93f9-8765193ab200,8e316ed6-9296-472a-93f8-4b6ab74b9121,Challenger 350,Jet Mach
16cecc4f-1a33-4664-b940-19047d598f92,8e316ed6-9296-472a-93f8-4b6ab74b9121,Challenger 350,VistaJet
658c10e5-2430-4d5c-8361-a400d2c18933,8e316ed6-9296-472a-93f8-4b6ab74b9121,Challenger 350,Sunwest Aviation
bebb8015-8ccf-4e55-a4c7-0d93bbf564ec,8e316ed6-9296-472a-93f8-4b6ab74b9121,Challenger 350,NetJets Europe
5e56fb7c-f6fa-48fd-a961-081e18e7bca8,8e316ed6-9296-472a-93f8-4b6ab74b9121,Challenger 350,NetJets
36e30d1b-c44e-4963-81d5-4e87053f68c4,8e316ed6-9296-472a-93f8-4b6ab74b9121,Challenger 350,Clay Lacy Aviation
87c04401-4197-46fd-bee6-f4715a8d91c9,8e316ed6-9296-472a-93f8-4b6ab74b9121,Challenger 350,FlexJet
05d37ef5-c6a3-4bdf-bf2f-165a8f7831fb,8e316ed6-9296-472a-93f8-4b6ab74b9121,Challenger 350,House Colors
5b82758d-2893-44de-afc7-817aa580ecf6,8e316ed6-9296-472a-93f8-4b6ab74b9121,Challenger 350,Airshare
c0af9dbd-5b75-4da9-a3fb-4766427c342e,8e316ed6-9296-472a-93f8-4b6ab74b9121,Challenger 350,Catreus Aviation
82c193fc-98b6-4152-89d9-e7d172d7c3e0,8e316ed6-9296-472a-93f8-4b6ab74b9121,Challenger 350,Infinite Flight
8c374e42-2f06-4a0d-aa1d-d9fcf325fad5,8e316ed6-9296-472a-93f8-4b6ab74b9121,Challenger 350,Luxaviation Belgium
3b9057c0-d324-43fe-9b1a-8ff31df869c1,8e316ed6-9296-472a-93f8-4b6ab74b9121,Challenger 350,Hyperion Aviation
48fd3949-21c5-4084-9700-4cb732c041ff,8e316ed6-9296-472a-93f8-4b6ab74b9121,Challenger 350,Avia√ß√£o Havan
22b85e80-3a5d-4ce4-8ae6-882346fd484b,8e316ed6-9296-472a-93f8-4b6ab74b9121,Challenger 350,European Flight Service
31440e19-9459-446d-afc4-5062622beaf9,8e316ed6-9296-472a-93f8-4b6ab74b9121,Challenger 350,Sundt Air
19da5b49-4a06-4e19-ac73-6304a0c50c5b,8e316ed6-9296-472a-93f8-4b6ab74b9121,Challenger 350,ExecuJet
535db3b3-1659-4533-9ca4-45a7778cecbc,d7434d84-555a-4d9b-93a7-53c77cf846ea,Airbus A321,Vueling
762e9d72-94e7-4a16-8c1f-85dcf562598d,230ec095-5e36-4637-ba2f-68831b31e891,Airbus A350,Azul
909e184e-bf0d-427f-897b-83c0a26b53ea,230ec095-5e36-4637-ba2f-68831b31e891,Airbus A350,Air China
7a112d36-19e8-485d-bf77-2ddd49afd471,f60a537d-5f83-4b68-8f66-b5f76d1e1775,Boeing 737-800,Jet2holidays
828005e2-b79c-4d37-81fc-6946163af125,f60a537d-5f83-4b68-8f66-b5f76d1e1775,Boeing 737-800,AnadoluJet
a94ac8fb-9d56-449f-97fa-9956ea3b0681,8e316ed6-9296-472a-93f8-4b6ab74b9121,Challenger 350,JM Aviation
6512dc9c-ffdc-40d0-ac50-5008316ba780,8e316ed6-9296-472a-93f8-4b6ab74b9121,Challenger 350,HB-CRW
2568a0f3-8737-4a5b-9199-f9cb6f81b4b3,61bd47dc-e12b-4912-9d91-719e1f9298d7,Space Shuttle,Atlantis
bdd9ceed-8907-45e5-aede-787d03a351b7,230ec095-5e36-4637-ba2f-68831b31e891,Airbus A350,ITA Airways
ec41fa8c-6b85-424a-9adc-bd3af678d652,e258f6d4-4503-4dde-b25c-1fb9067061e2,Boeing 777-300ER,Japan Airlines
